Startup,Industry,SubVertical,City,Investors,InvestmentType,Amount(Crores),Date
Housejoy,EdTech,K12,Mumbai,Lightspeed India,Seed,1.84075,2023-04-19
Groww,Media,Streaming,Bengaluru,IFC,Seed,15.429,2025-01-28
Groww,Mobility,Ride Sharing,Hyderabad,"Nexus Venture Partners, Peak XV",Series B,351.981,2021-03-14
FarmBox,Consumer Electronics,Wearables,Gurugram,"Kalaari Capital, Y Combinator",Seed,4.20875,2023-09-11
Udaan,RealEstate,Rental Tech,Mumbai,Bessemer Venture Partners,Seed,0.82325,2024-01-31
AeroStack,EdTech,Coding Bootcamp,Delhi,"Matrix Partners India, Peak XV",Pre-Series A,1.32275,2021-07-24
Ola,Retail,Fashion,Mumbai,Tiger Global Management,Seed,0.5735,2023-01-12
FinSpace,Consumer Electronics,Wearables,Gurugram,Blume Ventures,Growth,4548.41925,2025-01-22
Rapido,FoodTech,Food Delivery,Kolkata,"A91 Partners, Kedaara Capital, Tiger Global Management",Seed,4.24575,2023-11-27
HyperLoop,EdTech,Test Prep,Ahmedabad,"Mirae Asset, SoftBank Vision Fund, Tiger Global",Series B,329.3925,2020-05-04
NextSense_10,Mobility,Ride Sharing,Delhi,"IFC, Kalaari Capital, Peak XV",Seed,0.4995,2020-05-19
LogiMart,FinTech,NeoBank,Mumbai,"Falcon Edge, Peak XV",Pre-Series A,8.63025,2023-04-10
CoreFlow,SaaS,DevTools,Hyderabad,"Elevation Capital, SoftBank Vision Fund, Ventures India",Pre-Series A,6.29,2023-10-07
Groww,FinTech,InsurTech,Ahmedabad,Falcon Edge,Debt,3.4595,2020-07-23
ClearDekho,Logistics,Last Mile,Pune,Y Combinator,Private Equity,1405.93525,2024-12-05
NextSense,Mobility,Micro Mobility,Hyderabad,"A91 Partners, Falcon Edge, Prosus Ventures",Series A,15.19775,2024-07-10
Zomato,HealthTech,Pharmacy,Mumbai,"Blume Ventures, Elevation Capital",Private Equity,1863.73625,2024-02-29
FarmTech,EdTech,UpSkilling,Noida,Accel,Series A,38.3135,2025-01-28
Innovaccer,Enterprise,Security,Bengaluru,Ribbit Capital,Pre-Seed,0.4995,2024-04-28
CureFit,HealthTech,Health Analytics,Noida,Accel,Series B,103.70175,2023-02-22
WorkPay,Enterprise,Security,Ahmedabad,Tiger Global,Series A,48.49775,2022-05-30
Mobikwik,Retail,E-Retail,Pune,"Accel, Bessemer Venture Partners, IFC",Seed,0.777,2021-05-26
Freshworks,AgriTech,Marketplace,Delhi,Tiger Global Management,Angel,0.111,2021-04-29
EduTech,FinTech,Lending,Pune,"IFC, Matrix Partners India, Zodius Capital",Series C,498.93575,2022-04-23
AeroStack,FinTech,InsurTech,Gurugram,"Y Combinator, Zodius Capital",Seed,2.48825,2025-02-23
HomeFoods,RealEstate,PropTech,Chennai,Tiger Global Management,Seed,8.37125,2024-11-05
QuantumSolutions,Mobility,EV,Noida,IFC,Seed,0.962,2020-02-26
Swiggy,HealthTech,Pharmacy,Bengaluru,Kedaara Capital,Seed,3.08025,2022-06-08
HyperLabs,Mobility,Ride Sharing,Chennai,Tiger Global,Angel,0.26825,2021-01-24
DriveEdge_29,Retail,Fashion,Gurugram,"LCatterton, Prosus Ventures, Ribbit Capital",Pre-Series A,1.02675,2020-05-23
NeoTech,Logistics,Fleet Management,Hyderabad,"A91 Partners, Kedaara Capital",Series B,249.269,2021-10-30
CloudLabs,FoodTech,Grocery,Delhi,"A91 Partners, Sequoia Capital India",Series A,14.67975,2021-09-08
SmartTech,Retail,Fashion,Ahmedabad,"Info Edge, Lightspeed India",Series B,55.389,2022-08-10
FarmBox,Retail,Fashion,Delhi,"Prosus Ventures, Ribbit Capital",Series B,642.21825,2021-08-04
Bounce,Enterprise,Analytics,Hyderabad,Sequoia Capital India,Seed,16.2985,2021-02-11
HomeMart,AgriTech,Supply Chain,Kolkata,"Kedaara Capital, Lightspeed India",Pre-Series A,5.94775,2023-07-13
NimbusLabs,HealthTech,Telemedicine,Mumbai,Bessemer Venture Partners,Series C,422.10525,2021-03-24
SmartMart_37,EdTech,Test Prep,Kolkata,"A91 Partners, Falcon Edge, SoftBank Vision Fund",Seed,0.666,2022-08-09
Ola,AgriTech,Marketplace,Noida,"Blume Ventures, Info Edge",Pre-Series A,4.46775,2025-01-31
FarmBox,Retail,E-Retail,Hyderabad,"Elevation Capital, Ribbit Capital",Series C,609.2975,2022-12-03
Dunzo,Media,Content,Gurugram,"Accel, Nexus Venture Partners",Seed,0.7215,2021-10-16
AeroHub,Media,Social,Mumbai,"Mirae Asset, Tiger Global",Pre-Series A,2.89525,2021-11-08
QuantumDrive,Retail,Fashion,Bengaluru,"Sequoia Capital India, Y Combinator",Series D,500.61,2024-04-16
AgriFit,FoodTech,Food Delivery,Noida,"LCatterton, Mirae Asset",Series B,575.498,2023-01-23
SkillFlow,FinTech,InsurTech,Pune,"Kedaara Capital, Zodius Capital",Series B,94.7755,2024-06-22
FreshSolutions,Mobility,Ride Sharing,Chennai,Accel,Series A,55.6295,2023-09-19
DriveLoop,Consumer Electronics,Audio,Bengaluru,Info Edge,Seed,1.4615,2021-11-01
BlueSpace,FoodTech,Food Delivery,Chennai,"A91 Partners, Sequoia Capital India",Seed,3.15425,2020-06-16
NextFlow,E-commerce,Quick Commerce,Bengaluru,Ribbit Capital,Bridge,3.478,2021-02-12
MediWorks,RealEstate,PropTech,Ahmedabad,"Matrix Partners India, Omidyar Network, Y Combinator",Bridge,0.91575,2022-08-10
Porter,Retail,E-Retail,Hyderabad,A91 Partners,Seed,16.539,2020-02-22
UrbanSolutions,Media,Social,Mumbai,"Elevation Capital, Kedaara Capital, Matrix Partners India",Series A,75.47075,2024-08-28
Housejoy,Retail,Fashion,Bengaluru,"Falcon Edge, SoftBank Vision Fund, Y Combinator",Seed,14.8,2022-05-27
QuantumDrive,E-commerce,Fashion,Pune,"Info Edge, Kedaara Capital",Series B,552.82625,2024-08-24
SkillFlow,Mobility,EV,Kolkata,"IFC, Matrix Partners India",Series A,46.70325,2024-02-06
Unacademy,Logistics,Supply Chain,Gurugram,"Prosus Ventures, SoftBank Vision Fund",Series C,2245.8445,2023-03-13
NimbusLabs,HealthTech,Health Analytics,Gurugram,Elevation Capital,Pre-Series A,1.13775,2021-06-13
SkillSolutions,Mobility,Ride Sharing,Mumbai,"A91 Partners, Matrix Partners India",Seed,0.95275,2022-04-12
FarmBox,Consumer Electronics,Wearables,Bengaluru,"Elevation Capital, Prosus Ventures",Seed,0.54575,2021-03-29
Nykaa,Consumer Electronics,Smart Home,Noida,"Kedaara Capital, SoftBank Vision Fund",Seed,1.5355,2024-03-07
SkillFlow,EdTech,Test Prep,Gurugram,"Peak XV, Prosus Ventures",Seed,1.9425,2024-03-01
CloudLabs,Consumer Electronics,Wearables,Ahmedabad,"Accel, Elevation Capital",Bridge,1.258,2022-12-10
CloudLabs,SaaS,DevTools,Hyderabad,Elevation Capital,Pre-Seed,1.24875,2022-12-29
Udaan,Mobility,EV,Delhi,"Accel, Sequoia Capital India",Series B,124.357,2024-03-21
HealthAnalytics,Consumer Electronics,Wearables,Delhi,"Accel, Tiger Global",Bridge,1.30425,2021-06-01
NeoLabs_65,RealEstate,Rental Tech,Bengaluru,"Accel, Peak XV",Seed,3.4225,2024-07-19
LogiMart,Retail,Grocery,Ahmedabad,Bessemer Venture Partners,Series A,13.55125,2023-06-20
QuantumAnalytics,Consumer Electronics,Wearables,Ahmedabad,"Omidyar Network, Ribbit Capital",Debt,135.28125,2021-09-17
Practo,Retail,E-Retail,Gurugram,Matrix Partners India,Seed,0.6105,2020-06-15
Dunzo,HealthTech,Telemedicine,Chennai,"Elevation Capital, Matrix Partners India",Series A,133.91225,2023-05-01
HealthAnalytics,Consumer Electronics,Audio,Gurugram,"Bessemer Venture Partners, Lightspeed India, Omidyar Network",Angel,0.47175,2024-06-01
Porter,Mobility,Ride Sharing,Delhi,Tiger Global,Angel,0.08325,2024-08-19
Dream11,Retail,Grocery,Ahmedabad,Info Edge,Series B,46.96225,2023-03-11
InMobi,Media,Content,Chennai,"Accel, Mirae Asset",Bridge,9.361,2022-10-21
Razorpay,FoodTech,Grocery,Pune,Lightspeed India,Series A,62.7335,2020-02-22
DataAnalytics,RealEstate,Home Services,Ahmedabad,Mirae Asset,Pre-Seed,0.98975,2024-03-28
Ola,Logistics,Last Mile,Ahmedabad,"Mirae Asset, Tiger Global Management",Series A,74.6845,2024-07-25
Freshworks,SaaS,HRTech,Mumbai,"Elevation Capital, Kedaara Capital",Series D,548.47875,2021-11-06
FoodFit,Mobility,Ride Sharing,Kolkata,Nexus Venture Partners,Seed,1.739,2021-05-31
CoreConnect,Enterprise,Analytics,Noida,Falcon Edge,Series A,12.66325,2020-04-21
Chargebee,RealEstate,Home Services,Bengaluru,Peak XV,Seed,11.16475,2023-01-29
Dailyhunt,Media,Content,Mumbai,"Bessemer Venture Partners, Kedaara Capital",Pre-Seed,0.777,2023-07-14
FreshTech,Mobility,EV,Mumbai,Info Edge,Seed,1.56325,2024-09-19
Housejoy,RealEstate,PropTech,Kolkata,"Kalaari Capital, Kedaara Capital",Angel,0.0555,2021-08-20
AgriHive,EdTech,Coding Bootcamp,Noida,"Falcon Edge, IFC",Seed,1.45225,2021-01-25
CRED,Logistics,Supply Chain,Pune,Zodius Capital,Angel,0.12025,2022-11-05
HealthAnalytics,Enterprise,Automation,Ahmedabad,Info Edge,Debt,86.16375,2022-09-29
AgriHive,Mobility,Micro Mobility,Chennai,Tiger Global Management,Series A,51.99425,2021-10-21
MediWorks,EdTech,Coding Bootcamp,Bengaluru,"LCatterton, Tiger Global Management, Y Combinator",Seed,12.20075,2022-08-26
WorkPay,FinTech,Lending,Noida,IFC,Bridge,2.63625,2021-11-10
Dailyhunt,E-commerce,Grocery,Kolkata,"IFC, Tiger Global Management",Pre-Seed,0.2405,2020-10-22
Dunzo,Consumer Electronics,Wearables,Pune,"Accel, Prosus Ventures, SoftBank Vision Fund",Series A,63.825,2022-03-25
QuantumAnalytics,RealEstate,Rental Tech,Kolkata,"Ribbit Capital, Tiger Global",Growth,3444.04325,2020-03-14
SmartTech,Media,Social,Chennai,"Accel, Blume Ventures, Kedaara Capital",Bridge,3.663,2024-04-06
Delhivery,FinTech,Payments,Pune,Y Combinator,Series C,1492.4505,2021-08-23
GreenConnect,FoodTech,Grocery,Delhi,"IFC, Ribbit Capital",Seed,2.85825,2020-06-10
MediWorks,AgriTech,Supply Chain,Gurugram,"Matrix Partners India, Sequoia Capital India",Series A,38.10075,2021-06-04
InMobi,Logistics,Fleet Management,Noida,Tiger Global Management,Seed,2.2385,2022-06-23
Delhivery,RealEstate,Home Services,Hyderabad,Tiger Global Management,Series A,9.90675,2021-09-10
AgriHive,FoodTech,Grocery,Pune,Sequoia Capital India,Series A,12.38575,2023-12-03
AutoMart,AgriTech,Marketplace,Bengaluru,"LCatterton, Zodius Capital",Angel,0.04625,2024-03-06
HomeFoods,SaaS,DevTools,Gurugram,"Nexus Venture Partners, Prosus Ventures, Ventures India",Series A,51.837,2023-10-20
Wakefit,RealEstate,Rental Tech,Bengaluru,Omidyar Network,Seed,1.47075,2022-06-21
LogiSense,Logistics,Supply Chain,Chennai,"IFC, Y Combinator",Seed,3.0155,2020-09-27
AeroAnalytics,Enterprise,Analytics,Hyderabad,"Elevation Capital, Tiger Global Management",Angel,0.703,2025-04-17
BlueSpace,Consumer Electronics,Audio,Delhi,"Kedaara Capital, Tiger Global Management",Series C,363.377,2021-04-07
Mobikwik,E-commerce,Fashion,Bengaluru,"Ventures India, Y Combinator",Seed,2.09975,2020-09-10
CureFit,AgriTech,Smart Farming,Pune,"IFC, Sequoia Capital India",Seed,7.511,2021-04-23
NeoSense,EdTech,Test Prep,Kolkata,"Kalaari Capital, Nexus Venture Partners, Peak XV",Angel,0.0925,2021-09-10
Oyo,Consumer Electronics,Audio,Mumbai,Kalaari Capital,Seed,0.6105,2023-01-05
Nykaa,RealEstate,Rental Tech,Noida,"Accel, Blume Ventures, Kalaari Capital",Pre-Series A,1.80375,2024-02-29
NeoLabs,Logistics,Last Mile,Pune,IFC,Seed,0.84175,2022-06-29
Practo,RealEstate,Home Services,Noida,Tiger Global,Angel,0.74925,2023-08-13
SkillSolutions,E-commerce,Fashion,Mumbai,"Bessemer Venture Partners, Omidyar Network, Sequoia Capital India",Series B,434.6945,2023-08-07
HomeMart,Retail,Fashion,Gurugram,Lightspeed India,Seed,4.78225,2024-04-16
PharmEasy,SaaS,DevTools,Ahmedabad,Tiger Global Management,Pre-Seed,1.37825,2024-10-24
AutoStack,E-commerce,Quick Commerce,Delhi,Omidyar Network,Pre-Seed,1.17475,2024-06-05
PhonePe,HealthTech,Pharmacy,Bengaluru,"Accel, Tiger Global",Seed,0.925,2022-05-12
EduMart,Mobility,Micro Mobility,Mumbai,"Bessemer Venture Partners, Tiger Global",Series A,103.72025,2021-03-29
Oyo,Consumer Electronics,Smart Home,Bengaluru,"Accel, Info Edge",Seed,3.3855,2022-09-07
Ola,E-commerce,Quick Commerce,Pune,Elevation Capital,Series A,82.37125,2020-05-14
NeoSense,AgriTech,Marketplace,Hyderabad,"Accel, Kedaara Capital",Series A,104.71925,2023-05-24
GreenEdge,EdTech,Coding Bootcamp,Pune,"Kedaara Capital, SoftBank Vision Fund",Series C,437.70075,2022-03-27
HyperLabs,SaaS,DevTools,Kolkata,Accel,Seed,0.69375,2024-08-30
Wakefit,Media,Streaming,Pune,Omidyar Network,Series C,342.96225,2023-02-13
FreshBox,FoodTech,Food Delivery,Chennai,Tiger Global Management,Growth,1427.682,2024-01-16
FreshTech,AgriTech,Marketplace,Gurugram,IFC,Seed,9.4535,2022-09-14
NextFlow,SaaS,B2B SaaS,Hyderabad,"Tiger Global Management, Zodius Capital",Series A,95.15475,2024-07-11
GrowthFlow,RealEstate,Rental Tech,Hyderabad,"LCatterton, Ventures India, Y Combinator",Pre-Seed,0.185,2021-07-13
BlueTech,AgriTech,Marketplace,Chennai,"Accel, Falcon Edge, Tiger Global Management",Seed,3.04325,2024-02-26
UrbanSolutions,SaaS,DevTools,Pune,"IFC, Omidyar Network",Seed,2.15525,2021-10-26
HyperLoop,AgriTech,Supply Chain,Mumbai,"Info Edge, Mirae Asset",Seed,1.04525,2023-09-17
SkillFlow,Mobility,Ride Sharing,Pune,"Mirae Asset, Prosus Ventures",Pre-Series A,1.221,2021-08-03
FarmFit,AgriTech,Supply Chain,Bengaluru,Ventures India,Seed,1.6095,2025-04-20
CloudSolutions,E-commerce,Quick Commerce,Kolkata,Y Combinator,Series B,631.664,2020-12-25
HomeFoods,Enterprise,Automation,Pune,"LCatterton, Sequoia Capital India, Tiger Global",Seed,1.52625,2024-10-30
HyperLabs,AgriTech,Smart Farming,Chennai,Tiger Global Management,Seed,3.13575,2022-04-09
Lenskart,Retail,Fashion,Kolkata,Accel,Series D,2334.1635,2025-02-26
AeroStack,AgriTech,Smart Farming,Noida,Ventures India,Seed,1.76675,2024-11-17
HomeAnalytics,HealthTech,Telemedicine,Noida,"Bessemer Venture Partners, Lightspeed India",Series B,684.315,2022-12-22
NextFlow,Enterprise,Automation,Delhi,Lightspeed India,Seed,16.10425,2020-10-26
HyperLoop,RealEstate,PropTech,Delhi,"A91 Partners, Mirae Asset",Bridge,1.17475,2023-07-10
EduMart,AgriTech,Marketplace,Ahmedabad,"Info Edge, Mirae Asset, SoftBank Vision Fund",Seed,2.89525,2025-06-11
Oyo,Retail,Grocery,Ahmedabad,SoftBank Vision Fund,Seed,1.406,2022-11-05
EduBox_144,SaaS,HRTech,Mumbai,Omidyar Network,Series B,101.8795,2025-06-24
ClearDekho,FoodTech,Food Delivery,Ahmedabad,"Info Edge, LCatterton, Zodius Capital",Series A,10.22125,2024-06-09
FinFoods,Consumer Electronics,Smart Home,Delhi,Zodius Capital,Bridge,4.3845,2022-07-11
DataHive,E-commerce,Grocery,Delhi,"Falcon Edge, Tiger Global Management",Pre-Seed,0.592,2023-12-20
NextSense,Logistics,Supply Chain,Chennai,"Ribbit Capital, Tiger Global",Series C,212.676,2023-10-22
WorkStack_149,E-commerce,Grocery,Chennai,"Nexus Venture Partners, Omidyar Network, Tiger Global Management",Seed,1.295,2024-01-22
HealthRise,HealthTech,Pharmacy,Hyderabad,"Kalaari Capital, Omidyar Network, Peak XV",Bridge,13.1905,2023-12-01
FreshTech,RealEstate,Home Services,Delhi,"Accel, LCatterton, Tiger Global Management",Series B,89.86375,2024-08-24
Innovaccer,Mobility,EV,Bengaluru,SoftBank Vision Fund,Pre-Series A,1.295,2021-01-04
Myntra,EdTech,K12,Delhi,Falcon Edge,Seed,2.812,2021-08-28
GrowthConnect,Retail,Fashion,Delhi,Blume Ventures,Series A,133.459,2020-11-11
Dream11,Media,Content,Bengaluru,"Elevation Capital, Info Edge, Matrix Partners India",Pre-Series A,1.61875,2023-10-17
EduMart,EdTech,UpSkilling,Kolkata,Prosus Ventures,Angel,0.34225,2021-02-01
Dailyhunt,Consumer Electronics,Wearables,Chennai,Zodius Capital,Series A,72.7605,2022-05-07
FinSense,FinTech,InsurTech,Pune,"Elevation Capital, IFC, Zodius Capital",Series A,17.60275,2020-07-29
BharatPe,Logistics,Supply Chain,Noida,Peak XV,Seed,6.7895,2022-06-14
HomeAnalytics,SaaS,B2B SaaS,Chennai,Matrix Partners India,Seed,1.7945,2022-10-25
HealthRise,FinTech,WealthTech,Mumbai,Bessemer Venture Partners,Series D,1983.43125,2023-08-24
FinSense_162,Enterprise,Security,Delhi,"LCatterton, Omidyar Network",Series C,1028.637,2022-08-18
PhonePe,Logistics,Last Mile,Delhi,"Accel, Falcon Edge",Series A,39.46975,2024-01-29
SmartTech,E-commerce,Quick Commerce,Gurugram,"Accel, Info Edge",Pre-Series A,1.13775,2024-06-13
Chargebee,AgriTech,Marketplace,Bengaluru,Kedaara Capital,Series B,468.72525,2023-03-23
Cars24,FoodTech,Cloud Kitchen,Ahmedabad,"Blume Ventures, Prosus Ventures",Pre-Series A,1.93325,2023-03-14
ShareChat,E-commerce,Grocery,Noida,"IFC, Sequoia Capital India",Series A,15.32725,2022-11-05
FarmFit,SaaS,HRTech,Bengaluru,Matrix Partners India,Pre-Series A,1.0175,2020-05-18
Zomato,Retail,Fashion,Pune,"Ribbit Capital, SoftBank Vision Fund",Seed,4.0885,2021-12-22
SmartMart,Consumer Electronics,Smart Home,Delhi,"Bessemer Venture Partners, Elevation Capital, Info Edge",Series C,1158.90475,2020-05-09
FarmFit,FinTech,WealthTech,Hyderabad,"Mirae Asset, Sequoia Capital India",Series A,9.6755,2024-07-27
FinFoods,Enterprise,Analytics,Pune,Info Edge,Seed,3.06175,2024-06-25
FoodFit,FoodTech,Food Delivery,Delhi,Peak XV,Series A,17.08475,2022-10-15
NextStack,Media,Content,Mumbai,A91 Partners,Series A,53.0765,2024-08-11
AgriSense,SaaS,HRTech,Hyderabad,"Blume Ventures, Info Edge",Series A,14.837,2024-01-09
EduMart_176,Enterprise,Security,Ahmedabad,"Peak XV, Tiger Global, Tiger Global Management",Debt,67.75625,2021-07-16
CoreConnect,Retail,Fashion,Delhi,"Info Edge, Prosus Ventures",Bridge,1.924,2020-10-19
FreshSolutions_178,Retail,Fashion,Pune,"Nexus Venture Partners, Sequoia Capital India",Pre-Series A,7.992,2025-04-28
EduBox,SaaS,MarTech,Mumbai,Kalaari Capital,Series A,13.42175,2022-12-20
QuantumSolutions,E-commerce,Quick Commerce,Delhi,"Bessemer Venture Partners, Nexus Venture Partners",Series A,23.2915,2022-03-03
EduMart,AgriTech,Smart Farming,Kolkata,Info Edge,Seed,0.703,2020-10-04
Ola,E-commerce,D2C,Pune,Elevation Capital,Series B,600.55625,2023-01-31
NextSense,Media,Streaming,Delhi,Nexus Venture Partners,Series C,1990.68325,2022-11-07
CloudPay,EdTech,Coding Bootcamp,Bengaluru,Mirae Asset,Pre-Series A,1.67425,2023-03-18
LogiSense,E-commerce,Quick Commerce,Hyderabad,"Kalaari Capital, Mirae Asset",Pre-Series A,4.22725,2024-01-08
Groww,HealthTech,Pharmacy,Mumbai,"IFC, SoftBank Vision Fund",Series A,84.582,2023-10-24
BlueTech,HealthTech,Health Analytics,Noida,Falcon Edge,Angel,0.2405,2020-04-23
Oyo,HealthTech,Diagnostics,Pune,Peak XV,Angel,0.222,2021-04-06
HealthAnalytics,Logistics,Last Mile,Noida,Omidyar Network,Seed,1.1285,2023-07-04
Bounce,Mobility,Micro Mobility,Delhi,Blume Ventures,Series A,11.90475,2023-04-04
BlueSpace,AgriTech,Supply Chain,Bengaluru,"Bessemer Venture Partners, Lightspeed India, Matrix Partners India",Seed,12.66325,2025-04-26
SkillRise,FinTech,InsurTech,Noida,Mirae Asset,Seed,12.81125,2025-05-13
CoreConnect,E-commerce,Quick Commerce,Delhi,"Lightspeed India, Omidyar Network",Series A,51.3745,2022-09-18
HyperLabs,SaaS,HRTech,Chennai,"A91 Partners, SoftBank Vision Fund",Seed,1.61875,2022-01-28
InMobi,E-commerce,D2C,Kolkata,Elevation Capital,Seed,1.67425,2020-07-17
AeroHub,FoodTech,Cloud Kitchen,Delhi,"Blume Ventures, Kedaara Capital",Series C,1321.1775,2025-03-27
NextSense,Mobility,EV,Kolkata,Accel,Growth,4935.319,2022-10-15
DriveFit,EdTech,K12,Ahmedabad,Mirae Asset,Pre-Series A,7.13175,2020-04-13
CoreSpace,FinTech,Payments,Chennai,"Kalaari Capital, Tiger Global, Y Combinator",Seed,8.214,2021-06-25
Udaan,AgriTech,Marketplace,Gurugram,Kalaari Capital,Pre-Series A,4.06075,2021-08-14
EduBox,Logistics,Fleet Management,Ahmedabad,Kalaari Capital,Seed,0.629,2025-06-19
BlueSpace,SaaS,DevTools,Gurugram,Tiger Global,Series A,14.32825,2022-04-02
WorkStack,Mobility,EV,Delhi,SoftBank Vision Fund,Series A,105.42225,2022-11-21
FoodLoop,AgriTech,Marketplace,Hyderabad,"Falcon Edge, Kedaara Capital",Series A,47.79475,2022-11-04
Delhivery,Consumer Electronics,Audio,Pune,"Bessemer Venture Partners, Omidyar Network",Seed,0.481,2020-08-12
GrowthFlow,Logistics,Fleet Management,Ahmedabad,Omidyar Network,Series A,12.173,2024-01-17
Lenskart,Mobility,Micro Mobility,Ahmedabad,Zodius Capital,Series C,1115.6055,2022-02-17
HomeMart_208,Media,Social,Gurugram,"Nexus Venture Partners, Prosus Ventures",Pre-Seed,0.185,2021-10-04
Flipkart,Mobility,Micro Mobility,Kolkata,"Lightspeed India, Nexus Venture Partners, Tiger Global",Growth,706.996,2024-02-15
NeoSense,Consumer Electronics,Smart Home,Chennai,"LCatterton, SoftBank Vision Fund",Seed,3.50575,2020-12-20
AgriFit,Enterprise,Automation,Hyderabad,Elevation Capital,Series A,60.236,2021-01-28
Delhivery,EdTech,UpSkilling,Hyderabad,"A91 Partners, Mirae Asset",Series B,281.94,2023-11-14
SkillSolutions,AgriTech,Marketplace,Noida,"Peak XV, Zodius Capital",Pre-Series A,1.554,2025-06-30
GreenConnect,Logistics,Fleet Management,Mumbai,"Lightspeed India, Matrix Partners India, Mirae Asset",Seed,6.401,2022-06-24
SkillFlow,Media,Content,Delhi,"Matrix Partners India, Tiger Global",Seed,1.11,2024-02-26
Zepto,RealEstate,PropTech,Bengaluru,"Mirae Asset, Nexus Venture Partners, Prosus Ventures",Seed,1.5355,2021-11-07
NextSense,Consumer Electronics,Wearables,Gurugram,Elevation Capital,Series C,1396.7315,2021-08-11
HealthWorks,E-commerce,Grocery,Gurugram,LCatterton,Series A,53.724,2024-01-20
NoBroker,FoodTech,Cloud Kitchen,Bengaluru,"Blume Ventures, Ventures India",Debt,181.2075,2022-03-24
Cars24,FinTech,Payments,Hyderabad,Elevation Capital,Series A,54.89875,2020-08-07
NimbusLabs,HealthTech,Health Analytics,Hyderabad,Blume Ventures,Seed,3.76475,2020-08-18
LogiRise,Media,Social,Bengaluru,A91 Partners,Series B,59.96775,2024-06-07
CloudLabs,Enterprise,Automation,Chennai,Accel,Series C,500.76725,2022-11-21
Wakefit,HealthTech,Diagnostics,Kolkata,Matrix Partners India,Seed,1.23025,2021-05-23
FinSpace,Logistics,Supply Chain,Hyderabad,Matrix Partners India,Series A,17.908,2023-03-19
ShareChat,Media,Social,Bengaluru,Blume Ventures,Series B,686.646,2022-08-11
AeroAnalytics,Media,Content,Mumbai,Y Combinator,Series B,137.5475,2025-04-10
HomeAnalytics,HealthTech,Health Analytics,Delhi,Kalaari Capital,Series A,103.5815,2023-05-25
CoreSpace,Retail,Fashion,Gurugram,"Accel, IFC",Series C,1021.9955,2023-10-25
EduMart,SaaS,B2B SaaS,Ahmedabad,"LCatterton, Lightspeed India",Seed,8.6765,2024-08-24
WorkPay,Enterprise,Automation,Kolkata,"Accel, Falcon Edge, Omidyar Network",Seed,2.95075,2021-02-24
NimbusMart,Mobility,EV,Kolkata,"Prosus Ventures, SoftBank Vision Fund",Series A,44.1225,2023-02-18
DataAnalytics,Enterprise,Analytics,Gurugram,"SoftBank Vision Fund, Tiger Global",Series A,35.10375,2020-04-02
HealthWorks,E-commerce,Fashion,Bengaluru,Ventures India,Seed,0.95275,2021-01-03
QuantumDrive,FoodTech,Food Delivery,Chennai,"IFC, Nexus Venture Partners",Pre-Series A,4.884,2023-10-30
Housejoy,HealthTech,Health Analytics,Noida,Zodius Capital,Seed,1.30425,2025-06-27
DataAnalytics,Consumer Electronics,Smart Home,Noida,Matrix Partners India,Pre-Series A,0.9805,2022-02-15
FoodSolutions,EdTech,Test Prep,Bengaluru,"IFC, Ventures India",Series C,1062.44575,2022-05-08
PhonePe,EdTech,K12,Mumbai,"Kedaara Capital, Omidyar Network",Seed,0.888,2020-03-09
Postman,EdTech,Test Prep,Chennai,Ventures India,Series A,118.0855,2023-01-10
NimbusMart,Logistics,Last Mile,Ahmedabad,"IFC, Matrix Partners India, Zodius Capital",Seed,15.60475,2023-05-09
HomeAnalytics,Logistics,Last Mile,Noida,"Info Edge, LCatterton, Ribbit Capital",Bridge,13.51425,2024-12-06
NimbusLabs_243,SaaS,MarTech,Noida,"Nexus Venture Partners, Y Combinator",Seed,1.813,2022-05-02
FarmBox,EdTech,UpSkilling,Delhi,A91 Partners,Series C,192.90875,2025-02-16
SkillRise,HealthTech,Health Analytics,Gurugram,"Accel, Info Edge, Y Combinator",Seed,14.19875,2021-11-07
FinFoods_246,FoodTech,Grocery,Ahmedabad,Blume Ventures,Series A,29.489,2024-11-24
GreenEdge,Enterprise,Security,Hyderabad,Peak XV,Bridge,16.36325,2020-02-01
Housejoy,Media,Content,Gurugram,Kalaari Capital,Series B,668.997,2023-12-12
MediWorks,Retail,Grocery,Chennai,SoftBank Vision Fund,Series A,93.1845,2023-08-21
ShareChat,Mobility,EV,Kolkata,"SoftBank Vision Fund, Ventures India",Seed,1.369,2024-01-19
CoreFlow,FoodTech,Cloud Kitchen,Ahmedabad,Sequoia Capital India,Growth,1277.85975,2024-02-27
SkillRise,EdTech,UpSkilling,Gurugram,Mirae Asset,Pre-Series A,6.5675,2024-09-02
BlueSpace,Enterprise,Security,Kolkata,Blume Ventures,Series A,21.82075,2024-02-09
NeoLabs,Mobility,Micro Mobility,Bengaluru,Peak XV,Series A,14.6335,2024-09-14
Postman,Retail,E-Retail,Chennai,Tiger Global,Seed,3.6075,2023-07-15
WorkPay_256,Mobility,EV,Pune,"LCatterton, Peak XV, Prosus Ventures",Seed,14.615,2023-07-30
PhonePe,FinTech,NeoBank,Noida,"Falcon Edge, Kedaara Capital",Pre-Series A,4.59725,2020-02-04
SmartTech_258,Enterprise,Automation,Chennai,Accel,Series C,866.19775,2025-02-06
Wakefit,Mobility,Ride Sharing,Gurugram,Zodius Capital,Seed,0.666,2022-12-14
NextStack,E-commerce,D2C,Chennai,"IFC, Lightspeed India, Prosus Ventures",Series A,48.914,2021-05-13
GreenMart,FoodTech,Food Delivery,Noida,Kedaara Capital,Series A,135.05925,2023-07-28
WorkFit,FoodTech,Grocery,Pune,LCatterton,Series A,13.51425,2024-10-23
Razorpay,EdTech,K12,Ahmedabad,Prosus Ventures,Series A,37.6475,2020-04-05
QuantumSolutions,AgriTech,Marketplace,Bengaluru,Sequoia Capital India,Seed,11.766,2024-10-07
FarmTech,Retail,Fashion,Chennai,A91 Partners,Angel,0.4255,2021-09-04
UrbanDrive,Mobility,EV,Chennai,"Falcon Edge, Kedaara Capital, Tiger Global Management",Series C,1221.592,2020-10-13
Udaan,E-commerce,Fashion,Gurugram,"Peak XV, Ventures India",Series D,2331.28675,2021-11-28
AutoMart,SaaS,B2B SaaS,Hyderabad,"A91 Partners, Lightspeed India",Series C,489.74125,2022-07-11
UrbanSolutions,RealEstate,Rental Tech,Chennai,Bessemer Venture Partners,Seed,1.369,2023-06-20
Groww,E-commerce,D2C,Delhi,"Blume Ventures, Kalaari Capital, Y Combinator",Pre-Series A,5.96625,2024-05-24
Bounce,FinTech,WealthTech,Kolkata,Nexus Venture Partners,Pre-Series A,5.9755,2021-07-06
DataEdge,Mobility,Micro Mobility,Noida,Y Combinator,Pre-Series A,6.808,2020-02-23
Bounce,AgriTech,Marketplace,Pune,Kalaari Capital,Growth,5149.9375,2020-01-26
WorkFit,Mobility,Ride Sharing,Ahmedabad,"Blume Ventures, Matrix Partners India",Series A,36.9445,2023-11-04
NextStack,E-commerce,Marketplace,Chennai,"Bessemer Venture Partners, Y Combinator",Seed,2.9415,2021-09-05
LogiMart,Consumer Electronics,Smart Home,Ahmedabad,Elevation Capital,Seed,8.7875,2020-08-07
AutoMart,AgriTech,Smart Farming,Pune,"Nexus Venture Partners, SoftBank Vision Fund, Tiger Global Management",Series A,53.77025,2022-05-31
CloudPay,HealthTech,Health Analytics,Pune,"A91 Partners, Matrix Partners India, Mirae Asset",Seed,6.1605,2023-11-24
UrbanSolutions,Retail,Grocery,Pune,Omidyar Network,Seed,8.7135,2023-02-28
BlueTech,Mobility,Ride Sharing,Kolkata,"Bessemer Venture Partners, Zodius Capital",Bridge,12.33025,2021-03-05
CRED,Enterprise,Security,Kolkata,Matrix Partners India,Seed,1.6095,2021-09-12
HyperLoop,Retail,Grocery,Mumbai,"Falcon Edge, Omidyar Network",Series A,25.57625,2023-05-09
QuantumDrive,Retail,Grocery,Noida,Accel,Series A,11.9325,2025-02-15
LogiMart,SaaS,DevTools,Ahmedabad,"Ribbit Capital, SoftBank Vision Fund, Tiger Global Management",Pre-Seed,0.703,2023-08-14
Paytm,E-commerce,Quick Commerce,Mumbai,"A91 Partners, Falcon Edge, Omidyar Network",Seed,0.52725,2022-11-11
EduMart,Consumer Electronics,Smart Home,Ahmedabad,Tiger Global Management,Series B,168.17425,2020-11-04
AgriHive,FoodTech,Cloud Kitchen,Mumbai,Y Combinator,Series D,1613.44975,2024-02-04
DataHive,EdTech,Coding Bootcamp,Pune,"Elevation Capital, Kedaara Capital, SoftBank Vision Fund",Series A,20.10025,2022-06-16
Porter,FinTech,WealthTech,Mumbai,"Blume Ventures, Matrix Partners India",Series B,237.984,2020-12-02
DriveLoop,EdTech,Coding Bootcamp,Delhi,"Kalaari Capital, Ventures India",Seed,0.518,2023-09-08
BlueRise,FoodTech,Food Delivery,Bengaluru,Ventures India,Series B,51.3005,2021-02-25
Byju's,AgriTech,Supply Chain,Noida,Info Edge,Seed,9.62,2021-10-29
CureFit,RealEstate,Home Services,Noida,Kalaari Capital,Bridge,1.74825,2021-10-03
Porter,SaaS,HRTech,Kolkata,"Elevation Capital, Kedaara Capital, Omidyar Network",Series A,13.05175,2024-07-24
WorkFit,SaaS,B2B SaaS,Gurugram,Kedaara Capital,Seed,3.17275,2021-01-09
UrbanDrive,HealthTech,Health Analytics,Chennai,"Kedaara Capital, Ribbit Capital",Seed,7.918,2023-07-25
NoBroker,Mobility,Ride Sharing,Kolkata,Zodius Capital,Seed,1.02675,2021-01-18
Udaan,Enterprise,Security,Bengaluru,"Falcon Edge, Tiger Global Management",Series A,49.9685,2021-02-03
NimbusLabs,Consumer Electronics,Wearables,Kolkata,"Sequoia Capital India, Ventures India",Series A,11.655,2020-06-18
Cars24,FinTech,WealthTech,Gurugram,"A91 Partners, Bessemer Venture Partners",Series A,10.6375,2020-12-10
NimbusLabs,E-commerce,Grocery,Mumbai,A91 Partners,Seed,3.28375,2023-01-17
Razorpay,Retail,Fashion,Kolkata,Ventures India,Series A,39.997,2022-05-20
LogiMart,FinTech,InsurTech,Hyderabad,Info Edge,Seed,4.85625,2024-07-30
Housejoy,Retail,E-Retail,Gurugram,"Kedaara Capital, Ribbit Capital, Y Combinator",Series C,1321.66775,2023-04-19
Dream11,AgriTech,Supply Chain,Gurugram,A91 Partners,Series C,2599.3425,2024-07-07
QuantumSolutions,HealthTech,Pharmacy,Hyderabad,"Prosus Ventures, Tiger Global Management",Seed,3.108,2021-07-01
Wakefit,HealthTech,Health Analytics,Bengaluru,"IFC, Matrix Partners India, Nexus Venture Partners",Debt,6.882,2024-11-10
AgriSense,Retail,Fashion,Chennai,"Info Edge, Kalaari Capital, Matrix Partners India",Series A,79.6795,2023-03-28
Bounce,FoodTech,Grocery,Hyderabad,Info Edge,Series B,98.00375,2024-12-01
Myntra,SaaS,B2B SaaS,Mumbai,"Prosus Ventures, Tiger Global, Y Combinator",Series B,156.20475,2022-07-27
AutoMart,FoodTech,Cloud Kitchen,Kolkata,SoftBank Vision Fund,Seed,0.61975,2024-08-23
LogiSense,Consumer Electronics,Wearables,Bengaluru,"Peak XV, Sequoia Capital India",Pre-Seed,0.19425,2023-07-06
NextSense,FinTech,InsurTech,Gurugram,IFC,Debt,366.6885,2025-02-05
Oyo,HealthTech,Pharmacy,Mumbai,Y Combinator,Series B,469.604,2021-05-27
Dream11,FinTech,InsurTech,Hyderabad,Info Edge,Series B,318.533,2024-03-26
Bounce,Media,Social,Bengaluru,Omidyar Network,Seed,2.0905,2020-06-08
Ola,FinTech,Payments,Pune,"Kedaara Capital, Mirae Asset",Series C,295.78725,2024-10-27
HomeFoods,Media,Social,Mumbai,Nexus Venture Partners,Seed,0.82325,2024-12-09
HyperSpace,RealEstate,PropTech,Mumbai,"Info Edge, Ribbit Capital",Series A,18.21325,2020-01-18
Meesho,RealEstate,Rental Tech,Delhi,"Info Edge, LCatterton, Lightspeed India",Angel,0.2405,2023-06-15
FinSense,AgriTech,Marketplace,Chennai,Bessemer Venture Partners,Pre-Series A,4.7915,2022-05-29
LogiMart,E-commerce,Marketplace,Noida,"Elevation Capital, Peak XV",Series A,55.28725,2024-01-16
GrowthFlow,RealEstate,Home Services,Gurugram,Ventures India,Series A,19.7395,2022-11-09
Urban Company,RealEstate,PropTech,Gurugram,Mirae Asset,Series A,122.7845,2020-08-18
Groww,Mobility,Ride Sharing,Pune,"A91 Partners, IFC",Angel,0.4255,2020-09-27
Mobikwik,Mobility,Micro Mobility,Delhi,Sequoia Capital India,Series C,830.12275,2025-05-08
CRED,FinTech,WealthTech,Gurugram,"Falcon Edge, Ribbit Capital",Pre-Seed,0.7585,2020-05-03
AeroAnalytics,FoodTech,Grocery,Chennai,"Elevation Capital, Ribbit Capital",Seed,2.17375,2023-01-03
FreshTech_329,EdTech,K12,Noida,"Ribbit Capital, Ventures India",Seed,1.15625,2023-04-16
FreshTech,Media,Social,Bengaluru,"Nexus Venture Partners, Omidyar Network",Seed,1.7205,2025-03-08
NimbusMart,Media,Streaming,Delhi,Kedaara Capital,Seed,7.57575,2023-12-20
BharatPe,Consumer Electronics,Wearables,Noida,"Matrix Partners India, Ventures India, Y Combinator",Series A,9.62,2024-08-11
NextStack,E-commerce,Quick Commerce,Pune,"Kedaara Capital, Tiger Global",Series C,253.32975,2021-07-11
Dunzo,Consumer Electronics,Wearables,Noida,Blume Ventures,Pre-Series A,1.02675,2022-10-20
Zomato,AgriTech,Marketplace,Mumbai,Tiger Global,Seed,0.5365,2022-11-08
UrbanStack,Consumer Electronics,Wearables,Chennai,A91 Partners,Angel,0.60125,2021-01-01
QuantumDrive,EdTech,Coding Bootcamp,Pune,"Falcon Edge, Y Combinator",Seed,6.1975,2020-06-08
Udaan,HealthTech,Diagnostics,Noida,"Mirae Asset, Tiger Global",Debt,17.612,2025-05-07
HealthAnalytics,Logistics,Supply Chain,Mumbai,Lightspeed India,Series A,12.05275,2020-01-17
Oyo,Media,Streaming,Gurugram,"Bessemer Venture Partners, Tiger Global Management",Series A,35.0205,2023-04-26
HomeMart,FoodTech,Cloud Kitchen,Gurugram,"IFC, Peak XV, Sequoia Capital India",Series A,33.34625,2023-07-26
UrbanSolutions,Media,Content,Mumbai,"Mirae Asset, Tiger Global",Seed,0.87875,2021-05-02
SmartCare,E-commerce,Quick Commerce,Gurugram,"Kedaara Capital, Y Combinator",Angel,0.1665,2022-11-30
WorkFit,Mobility,Ride Sharing,Chennai,Info Edge,Seed,2.00725,2023-03-08
LogiSense,Logistics,Supply Chain,Chennai,SoftBank Vision Fund,Series B,255.078,2024-02-15
SkillFlow,EdTech,K12,Ahmedabad,Info Edge,Seed,4.81925,2020-08-04
HyperLabs,Mobility,EV,Gurugram,IFC,Series A,10.46175,2022-08-06
Bounce,HealthTech,Pharmacy,Ahmedabad,Nexus Venture Partners,Pre-Seed,0.43475,2024-09-07
LogiMart,FoodTech,Grocery,Bengaluru,Sequoia Capital India,Series B,262.256,2021-06-16
CoreConnect,Mobility,Micro Mobility,Noida,Bessemer Venture Partners,Seed,2.96,2022-08-04
FinSense,FinTech,Lending,Delhi,Prosus Ventures,Seed,10.8965,2022-03-31
WorkFit,Logistics,Last Mile,Bengaluru,"Info Edge, LCatterton, Nexus Venture Partners",Debt,55.45375,2021-02-08
FreshBox,Consumer Electronics,Audio,Delhi,"Kalaari Capital, Prosus Ventures, Sequoia Capital India",Angel,0.074,2022-06-06
NoBroker,SaaS,DevTools,Delhi,Sequoia Capital India,Seed,0.60125,2022-07-02
HomeMart,Consumer Electronics,Wearables,Noida,Y Combinator,Series A,52.688,2020-06-28
QuantumDrive,Retail,Fashion,Gurugram,"Bessemer Venture Partners, Tiger Global Management",Series B,49.77425,2024-06-30
Licious,Consumer Electronics,Smart Home,Kolkata,"Elevation Capital, SoftBank Vision Fund",Seed,4.0145,2023-03-04
GrowthFlow,EdTech,Test Prep,Hyderabad,"Omidyar Network, Y Combinator",Seed,14.837,2022-08-24
PharmEasy,HealthTech,Telemedicine,Gurugram,"LCatterton, Zodius Capital",Series B,228.05875,2021-06-29
NimbusMart,EdTech,Coding Bootcamp,Pune,Blume Ventures,Angel,0.148,2024-09-27
FoodLoop,Media,Content,Ahmedabad,Peak XV,Pre-Seed,0.814,2023-12-05
SmartCare,EdTech,Coding Bootcamp,Noida,Accel,Seed,2.50675,2022-10-01
PharmEasy,AgriTech,Supply Chain,Bengaluru,LCatterton,Series A,40.5335,2020-01-02
CloudPay,SaaS,DevTools,Pune,"Kedaara Capital, Nexus Venture Partners",Seed,14.911,2020-10-29
FreshToHome,Enterprise,Automation,Pune,"Accel, Kalaari Capital, Peak XV",Bridge,1.924,2022-02-04
Oyo,SaaS,DevTools,Delhi,"Blume Ventures, Peak XV, Ribbit Capital",Series B,664.51075,2022-06-13
Licious,EdTech,K12,Chennai,Nexus Venture Partners,Seed,13.05175,2023-11-11
Rapido,Media,Streaming,Chennai,"Omidyar Network, Sequoia Capital India",Series D,725.94,2024-04-27
HomeAnalytics,E-commerce,Fashion,Delhi,Y Combinator,Seed,0.60125,2020-06-08
FoodLoop,E-commerce,D2C,Kolkata,Kedaara Capital,Pre-Seed,0.23125,2021-03-05
NextFlow,E-commerce,Quick Commerce,Bengaluru,"IFC, Tiger Global Management",Pre-Series A,0.962,2024-02-09
NimbusLabs,SaaS,MarTech,Mumbai,"Prosus Ventures, Ribbit Capital",Series C,238.91825,2024-06-03
BharatPe,Consumer Electronics,Audio,Bengaluru,Peak XV,Seed,5.74425,2021-10-14
Groww,SaaS,DevTools,Chennai,"Peak XV, Tiger Global Management",Seed,0.60125,2020-06-02
BlueSpace,AgriTech,Smart Farming,Bengaluru,Omidyar Network,Series A,21.941,2023-08-31
DriveEdge,E-commerce,D2C,Gurugram,"A91 Partners, Peak XV",Bridge,10.44325,2022-04-18
HealthAnalytics,E-commerce,Quick Commerce,Chennai,"Nexus Venture Partners, Y Combinator",Series A,9.85125,2024-09-16
DriveLoop,Enterprise,Automation,Ahmedabad,Lightspeed India,Series A,83.953,2020-07-17
Cars24,E-commerce,Fashion,Mumbai,"Mirae Asset, Prosus Ventures",Seed,1.30425,2022-03-25
Bounce,RealEstate,Rental Tech,Chennai,"Info Edge, Y Combinator",Seed,0.71225,2024-12-18
CureFit,Consumer Electronics,Wearables,Hyderabad,"Tiger Global, Ventures India",Seed,6.04025,2021-07-04
Wakefit,E-commerce,D2C,Noida,"Lightspeed India, Tiger Global",Pre-Series A,3.9405,2024-03-29
UrbanDrive,FoodTech,Grocery,Kolkata,"Elevation Capital, Kalaari Capital",Series A,99.567,2021-04-27
GreenMart,Mobility,Micro Mobility,Ahmedabad,"Blume Ventures, Tiger Global Management",Seed,6.96525,2025-04-28
Meesho,Retail,E-Retail,Delhi,"Info Edge, Ribbit Capital, Tiger Global Management",Pre-Seed,1.17475,2020-06-09
Swiggy,SaaS,B2B SaaS,Mumbai,"Elevation Capital, SoftBank Vision Fund",Pre-Series A,1.76675,2022-03-24
LogiRise,FinTech,NeoBank,Ahmedabad,Kalaari Capital,Series A,14.95725,2022-05-09
GreenConnect,AgriTech,Supply Chain,Mumbai,IFC,Series A,70.62375,2020-07-25
FoodSolutions,Logistics,Supply Chain,Kolkata,Blume Ventures,Series A,82.2325,2022-08-26
CoreConnect,AgriTech,Marketplace,Chennai,Prosus Ventures,Pre-Seed,1.813,2024-12-26
Postman,Media,Content,Hyderabad,Zodius Capital,Angel,0.15725,2020-02-11
Oyo,Logistics,Supply Chain,Kolkata,Tiger Global Management,Series D,1089.25225,2023-11-03
HomeFoods,Media,Content,Pune,"Blume Ventures, Ribbit Capital",Seed,8.11225,2022-05-03
Meesho,Enterprise,Security,Kolkata,Zodius Capital,Series C,465.571,2024-11-11
NextSense_395,Media,Streaming,Chennai,"IFC, Sequoia Capital India",Seed,14.32825,2024-10-09
CloudLabs,EdTech,Test Prep,Gurugram,Kedaara Capital,Pre-Seed,1.332,2020-04-13
SkillSolutions,Consumer Electronics,Smart Home,Chennai,"Omidyar Network, Sequoia Capital India, Y Combinator",Series B,151.9405,2020-09-10
EduTech,Consumer Electronics,Smart Home,Noida,Ventures India,Seed,7.3815,2020-11-30
Bounce,Logistics,Last Mile,Chennai,"Bessemer Venture Partners, Lightspeed India",Pre-Seed,1.0545,2024-10-14
HomeAnalytics,RealEstate,PropTech,Hyderabad,IFC,Series B,61.55875,2022-11-17
MediSpace,HealthTech,Diagnostics,Ahmedabad,Omidyar Network,Series C,2131.35725,2021-04-03
BigBasket,Media,Streaming,Hyderabad,Info Edge,Pre-Series A,2.96,2022-02-10
GreenEdge,RealEstate,Rental Tech,Ahmedabad,Falcon Edge,Pre-Series A,6.20675,2020-07-28
NimbusWorks,AgriTech,Marketplace,Hyderabad,"Tiger Global, Tiger Global Management",Seed,1.50775,2020-08-09
NeoSense,Logistics,Fleet Management,Hyderabad,LCatterton,Seed,12.58,2022-11-25
CoreConnect,RealEstate,PropTech,Bengaluru,LCatterton,Series B,136.0675,2021-08-28
CoreConnect,FinTech,NeoBank,Ahmedabad,"Kedaara Capital, Prosus Ventures, Ribbit Capital",Series C,190.513,2021-12-03
FarmBox,RealEstate,Home Services,Noida,"Accel, Blume Ventures, IFC",Seed,13.05175,2020-12-14
FreshSolutions,Media,Streaming,Delhi,Prosus Ventures,Bridge,0.6475,2025-01-16
HomeAnalytics,Media,Content,Chennai,Matrix Partners India,Series C,439.25475,2021-11-09
Urban Company,Consumer Electronics,Audio,Kolkata,"Omidyar Network, Ribbit Capital",Seed,15.392,2023-07-23
CoreSpace,Mobility,Ride Sharing,Chennai,IFC,Series A,121.3785,2022-04-26
WorkPay,EdTech,UpSkilling,Chennai,"IFC, Nexus Venture Partners",Debt,32.64325,2025-01-02
BlueTech,Consumer Electronics,Wearables,Delhi,Info Edge,Seed,4.7545,2020-04-28
FarmTech,HealthTech,Diagnostics,Kolkata,Nexus Venture Partners,Series C,623.1355,2024-05-15
DriveEdge,FoodTech,Food Delivery,Kolkata,"Lightspeed India, Y Combinator",Pre-Series A,1.813,2020-03-18
UrbanStack,Retail,Fashion,Gurugram,"IFC, Lightspeed India, Ventures India",Pre-Seed,0.39775,2020-01-09
FreshTech,FoodTech,Grocery,Ahmedabad,Elevation Capital,Seed,5.5315,2020-05-13
Cars24,Consumer Electronics,Smart Home,Noida,"LCatterton, Tiger Global Management",Series A,70.95675,2021-11-22
DataHive,Consumer Electronics,Wearables,Gurugram,"Lightspeed India, Sequoia Capital India",Seed,8.57475,2025-01-31
LogiSense,FinTech,NeoBank,Noida,"IFC, Ribbit Capital, Sequoia Capital India",Seed,8.51,2022-01-20
CloudSolutions,AgriTech,Supply Chain,Ahmedabad,Ribbit Capital,Debt,1.628,2023-09-17
DataAnalytics_423,E-commerce,Fashion,Kolkata,Mirae Asset,Pre-Series A,2.886,2023-01-25
HyperLoop,RealEstate,Rental Tech,Bengaluru,Prosus Ventures,Seed,0.5735,2023-09-17
SkillFlow,Media,Social,Chennai,"Kedaara Capital, Nexus Venture Partners",Series D,1639.2295,2020-08-02
Porter,Retail,E-Retail,Kolkata,Zodius Capital,Seed,2.35875,2021-02-13
CloudPay,FoodTech,Food Delivery,Delhi,Prosus Ventures,Pre-Seed,1.4245,2022-10-13
AgriHive,FinTech,Payments,Mumbai,"Nexus Venture Partners, Prosus Ventures",Angel,0.1295,2024-09-06
Bounce,Retail,Fashion,Mumbai,Ribbit Capital,Series B,63.98225,2020-07-26
AutoFlow,Logistics,Supply Chain,Kolkata,IFC,Seed,0.78625,2024-07-23
Cars24,SaaS,HRTech,Chennai,Sequoia Capital India,Series B,381.99725,2020-07-13
FinSense,HealthTech,Pharmacy,Pune,"Matrix Partners India, Ventures India",Angel,0.296,2025-05-10
NimbusWorks,HealthTech,Telemedicine,Chennai,Zodius Capital,Pre-Series A,1.1655,2022-07-23
GrowthCare,RealEstate,PropTech,Mumbai,Tiger Global Management,Seed,0.629,2024-01-27
NextSense,AgriTech,Smart Farming,Ahmedabad,Y Combinator,Series B,322.973,2021-01-06
ClearTax,Enterprise,Automation,Delhi,LCatterton,Series A,11.2665,2022-09-26
Dailyhunt,FinTech,Payments,Hyderabad,"Falcon Edge, IFC, Ventures India",Series B,451.57575,2020-01-26
Zepto,RealEstate,Home Services,Noida,"Accel, Prosus Ventures",Series A,62.6225,2023-12-05
LogiMart,RealEstate,Rental Tech,Chennai,"LCatterton, Omidyar Network",Seed,0.61975,2024-08-19
MediSpace,HealthTech,Health Analytics,Kolkata,SoftBank Vision Fund,Growth,578.55975,2020-06-02
QuantumSolutions_441,EdTech,Coding Bootcamp,Chennai,"A91 Partners, Info Edge",Series C,2676.395,2020-06-10
Unacademy,Enterprise,Security,Kolkata,"Accel, Kalaari Capital, Ribbit Capital",Seed,1.84075,2022-10-15
Rapido,Enterprise,Analytics,Ahmedabad,LCatterton,Bridge,1.813,2023-07-29
CoreFlow,Consumer Electronics,Wearables,Pune,Zodius Capital,Series C,1671.46575,2024-07-30
FreshBox,AgriTech,Marketplace,Kolkata,"Accel, Info Edge, Prosus Ventures",Series B,639.31375,2022-01-14
Rapido,SaaS,HRTech,Hyderabad,"Accel, LCatterton, Mirae Asset",Series A,133.5885,2022-02-04
Freshworks,E-commerce,D2C,Ahmedabad,"Lightspeed India, Zodius Capital",Seed,7.44625,2020-09-04
FinFoods,E-commerce,Fashion,Bengaluru,"Bessemer Venture Partners, Info Edge, Omidyar Network",Angel,0.13875,2024-09-11
ClearDekho,HealthTech,Health Analytics,Bengaluru,"Peak XV, Zodius Capital",Series A,11.5995,2020-04-09
AgriHive,Retail,E-Retail,Ahmedabad,Accel,Seed,8.13075,2024-07-27
AgriSense,FoodTech,Food Delivery,Ahmedabad,Elevation Capital,Angel,0.24975,2024-04-10
DataHive,Consumer Electronics,Audio,Delhi,"A91 Partners, Falcon Edge, Zodius Capital",Pre-Series A,2.4605,2023-12-04
HyperLabs,Mobility,Micro Mobility,Gurugram,"Elevation Capital, Prosus Ventures, SoftBank Vision Fund",Seed,13.098,2023-07-02
EduTech,Media,Streaming,Pune,A91 Partners,Series B,62.9555,2024-04-07
SkillRise,Enterprise,Automation,Hyderabad,Falcon Edge,Growth,1697.16225,2022-05-15
GrowthFlow,FinTech,Payments,Gurugram,Tiger Global Management,Seed,0.481,2024-05-27
AutoStack,FinTech,WealthTech,Gurugram,Zodius Capital,Series C,658.20225,2020-03-07
Zomato,AgriTech,Marketplace,Noida,"A91 Partners, Bessemer Venture Partners, Matrix Partners India",Growth,536.5925,2024-02-29
SmartTech,FinTech,InsurTech,Chennai,"A91 Partners, Sequoia Capital India, SoftBank Vision Fund",Pre-Series A,1.21175,2024-06-02
AutoStack,Enterprise,Security,Gurugram,"A91 Partners, Ribbit Capital, Ventures India",Angel,0.06475,2023-12-14
BlueRise,EdTech,UpSkilling,Kolkata,Blume Ventures,Seed,5.069,2023-10-30
NoBroker,Media,Streaming,Mumbai,A91 Partners,Pre-Series A,5.15225,2022-05-27
LogiSense,Enterprise,Security,Bengaluru,Tiger Global,Seed,3.9775,2023-12-24
AgriSense,Retail,Fashion,Ahmedabad,"A91 Partners, Bessemer Venture Partners",Series D,4239.201,2021-09-08
Groww,Retail,Fashion,Pune,Falcon Edge,Series A,25.53,2025-05-13
ClearDekho,HealthTech,Health Analytics,Noida,Lightspeed India,Series A,20.054,2020-07-07
Meesho,RealEstate,Home Services,Pune,"Falcon Edge, Tiger Global Management",Pre-Series A,6.83575,2021-03-23
MediSpace,SaaS,MarTech,Gurugram,"Matrix Partners India, Tiger Global",Angel,0.0925,2023-06-10
AgriSense,Retail,E-Retail,Chennai,Sequoia Capital India,Seed,16.1505,2024-01-22
NimbusWorks,Mobility,EV,Kolkata,"Falcon Edge, Lightspeed India, Peak XV",Pre-Seed,0.19425,2025-01-13
Dream11,Retail,Fashion,Noida,Prosus Ventures,Pre-Seed,1.72975,2020-05-14
Meesho,Enterprise,Automation,Chennai,"IFC, Zodius Capital",Series D,510.822,2021-02-25
DriveEdge,E-commerce,Marketplace,Bengaluru,Accel,Series A,103.3225,2021-11-10
Udaan,HealthTech,Pharmacy,Noida,LCatterton,Seed,3.2375,2024-08-09
Freshworks,FoodTech,Food Delivery,Chennai,"Falcon Edge, Prosus Ventures",Series A,136.13225,2020-02-04
Byju's,Retail,Fashion,Ahmedabad,Y Combinator,Pre-Seed,0.222,2024-10-03
AeroAnalytics,Retail,Fashion,Hyderabad,"Y Combinator, Zodius Capital",Series A,41.44925,2021-07-30
ClearTax,Consumer Electronics,Audio,Noida,"Bessemer Venture Partners, IFC",Seed,16.5205,2024-03-09
Urban Company,RealEstate,PropTech,Hyderabad,"Peak XV, Ribbit Capital, Sequoia Capital India",Series B,197.23775,2025-02-15
SmartCare,FinTech,NeoBank,Ahmedabad,Elevation Capital,Pre-Series A,3.9405,2023-01-26
FoodSolutions,RealEstate,Rental Tech,Delhi,"Lightspeed India, Zodius Capital",Seed,6.02175,2021-03-28
BlueTech,AgriTech,Supply Chain,Noida,Elevation Capital,Series A,31.672,2023-01-30
CRED,Logistics,Last Mile,Gurugram,Y Combinator,Series B,263.4955,2022-09-24
FinSpace,AgriTech,Supply Chain,Gurugram,Ribbit Capital,Seed,3.996,2022-07-11
BigBasket,Media,Streaming,Delhi,Peak XV,Series A,106.16225,2022-01-16
Lenskart,FinTech,WealthTech,Gurugram,"Elevation Capital, Ribbit Capital, Y Combinator",Series C,209.22575,2023-12-29
FreshBox,Consumer Electronics,Wearables,Pune,"Accel, Ribbit Capital",Series C,395.9185,2022-09-24
HealthRise,Enterprise,Analytics,Noida,"Sequoia Capital India, Tiger Global",Seed,15.4105,2024-02-11
ClearDekho,RealEstate,PropTech,Ahmedabad,"Lightspeed India, Sequoia Capital India",Series A,103.082,2024-04-24
Swiggy,Mobility,Micro Mobility,Kolkata,Kalaari Capital,Series B,163.5955,2020-10-31
Cars24,HealthTech,Health Analytics,Noida,Falcon Edge,Series A,49.5985,2022-03-23
MediWorks,Retail,Fashion,Delhi,"A91 Partners, Blume Ventures",Series C,392.09825,2020-10-14
GreenConnect,Consumer Electronics,Wearables,Bengaluru,Tiger Global,Seed,0.925,2022-09-25
Nykaa,EdTech,Test Prep,Gurugram,Kalaari Capital,Series A,32.4675,2024-06-08
AutoFlow,FinTech,WealthTech,Mumbai,"Matrix Partners India, Zodius Capital",Series B,123.1915,2022-12-03
NoBroker,FoodTech,Grocery,Chennai,Falcon Edge,Pre-Series A,3.54275,2023-08-31
UrbanSolutions,EdTech,Coding Bootcamp,Pune,"Bessemer Venture Partners, LCatterton",Series C,228.3455,2021-12-07
MediHive,HealthTech,Health Analytics,Delhi,"Blume Ventures, Elevation Capital, Nexus Venture Partners",Seed,16.835,2022-11-19
Housejoy,RealEstate,PropTech,Chennai,Mirae Asset,Series C,2673.287,2024-01-15
GrowthCare,AgriTech,Supply Chain,Chennai,A91 Partners,Pre-Seed,0.925,2020-03-29
BharatPe,HealthTech,Telemedicine,Ahmedabad,LCatterton,Seed,3.33925,2020-12-06
CoreConnect,AgriTech,Marketplace,Bengaluru,"Lightspeed India, Peak XV, Zodius Capital",Growth,1046.81325,2024-01-30
CoreSpace,HealthTech,Diagnostics,Chennai,"Blume Ventures, Zodius Capital",Series A,83.79575,2024-06-15
CureFit,HealthTech,Pharmacy,Kolkata,Y Combinator,Series A,59.07975,2020-05-20
LogiSense,EdTech,Coding Bootcamp,Delhi,"LCatterton, Omidyar Network",Series A,14.36525,2020-12-29
AeroAnalytics,E-commerce,Fashion,Delhi,LCatterton,Angel,0.71225,2023-01-09
Paytm,Mobility,EV,Pune,"Info Edge, Peak XV",Growth,4053.63675,2023-11-29
AgriHive,FoodTech,Food Delivery,Ahmedabad,"A91 Partners, Info Edge, Matrix Partners India",Series C,2422.26975,2025-02-02
PharmEasy,Enterprise,Analytics,Hyderabad,"Matrix Partners India, Sequoia Capital India",Series A,66.01725,2023-01-18
MediHive,E-commerce,Grocery,Bengaluru,"Accel, Bessemer Venture Partners, Kalaari Capital",Pre-Series A,3.80175,2021-02-24
DriveLoop,Logistics,Supply Chain,Noida,"Elevation Capital, Prosus Ventures",Pre-Series A,2.4235,2022-01-18
CoreFlow,Retail,Fashion,Kolkata,"Mirae Asset, Tiger Global Management",Seed,14.43,2023-02-19
FoodSolutions,FoodTech,Grocery,Delhi,Ventures India,Series D,3397.62675,2023-09-12
EduMart,HealthTech,Telemedicine,Gurugram,Bessemer Venture Partners,Series A,10.4525,2024-05-28
Udaan,HealthTech,Health Analytics,Bengaluru,Mirae Asset,Series C,198.69,2024-08-13
DriveEdge,Logistics,Last Mile,Pune,"Omidyar Network, Tiger Global Management, Y Combinator",Seed,1.85,2020-03-18
SmartTech,AgriTech,Supply Chain,Delhi,Lightspeed India,Series B,437.636,2022-06-18
SmartTech,Retail,Fashion,Noida,"Blume Ventures, Sequoia Capital India",Series A,134.051,2021-04-19
MediWorks,HealthTech,Telemedicine,Hyderabad,"Falcon Edge, Kalaari Capital, Omidyar Network",Series C,278.018,2021-12-24
CRED,E-commerce,Grocery,Hyderabad,"Tiger Global Management, Y Combinator",Series B,240.167,2023-02-19
SkillSolutions,EdTech,Coding Bootcamp,Chennai,Kalaari Capital,Series A,25.94625,2021-06-18
AeroStack,Mobility,EV,Pune,"IFC, Peak XV",Bridge,16.5575,2024-07-02
AutoStack,FoodTech,Grocery,Kolkata,Peak XV,Series C,1809.58675,2024-03-31
LogiRise,AgriTech,Supply Chain,Kolkata,"Ribbit Capital, Tiger Global Management",Seed,10.1935,2020-05-18
HomeFoods,FoodTech,Food Delivery,Noida,Matrix Partners India,Series A,32.9115,2023-12-06
Bounce,FoodTech,Grocery,Pune,Mirae Asset,Seed,2.13675,2025-03-22
AgriFit,AgriTech,Smart Farming,Delhi,Mirae Asset,Bridge,1.26725,2023-10-31
CloudPay,EdTech,UpSkilling,Gurugram,Zodius Capital,Seed,0.5735,2024-09-05
Licious,HealthTech,Telemedicine,Mumbai,"IFC, Mirae Asset, Sequoia Capital India",Angel,0.61975,2023-10-16
Razorpay,Enterprise,Security,Pune,"IFC, Mirae Asset",Series A,83.59225,2022-10-05
QuantumSolutions,Retail,Fashion,Delhi,"A91 Partners, Mirae Asset",Seed,18.4815,2024-06-24
AeroAnalytics,Enterprise,Automation,Delhi,"Falcon Edge, Sequoia Capital India, SoftBank Vision Fund",Series A,137.492,2020-09-03
FarmTech,E-commerce,D2C,Pune,A91 Partners,Series A,41.625,2021-06-15
FinSpace,AgriTech,Smart Farming,Pune,Kalaari Capital,Seed,7.89025,2022-05-18
NimbusWorks,FoodTech,Food Delivery,Kolkata,"Prosus Ventures, Zodius Capital",Seed,15.08675,2020-09-25
SkillFlow,Mobility,EV,Chennai,"Bessemer Venture Partners, Blume Ventures, Nexus Venture Partners",Seed,10.62825,2024-06-26
Chargebee,HealthTech,Pharmacy,Kolkata,"Accel, Tiger Global",Seed,1.15625,2023-02-25
BharatPe,FinTech,Lending,Hyderabad,Info Edge,Series A,31.339,2023-07-13
WorkStack,SaaS,HRTech,Pune,IFC,Pre-Seed,0.24975,2020-09-05
BlueRise,RealEstate,Rental Tech,Noida,Y Combinator,Seed,15.614,2024-05-17
Myntra,Retail,Fashion,Kolkata,"Elevation Capital, Ribbit Capital",Private Equity,3735.224,2022-02-19
GreenConnect,RealEstate,Home Services,Chennai,"IFC, Tiger Global",Series B,87.18125,2023-03-16
BharatPe,SaaS,DevTools,Pune,"Elevation Capital, Matrix Partners India, Ribbit Capital",Seed,5.513,2021-08-19
Ola,Retail,Grocery,Ahmedabad,"Blume Ventures, IFC",Series A,49.33025,2022-07-11
FreshSolutions,RealEstate,Home Services,Mumbai,Accel,Seed,1.72975,2022-03-24
FarmBox,FinTech,InsurTech,Noida,Matrix Partners India,Series C,251.60925,2020-06-19
HyperLoop,FoodTech,Food Delivery,Gurugram,"Nexus Venture Partners, Ribbit Capital",Seed,5.50375,2021-08-04
Lenskart,FinTech,Payments,Pune,"IFC, Mirae Asset",Growth,1825.79275,2021-10-28
SkillFlow,HealthTech,Diagnostics,Ahmedabad,"A91 Partners, Falcon Edge, Ribbit Capital",Series A,74.89725,2023-07-16
FreshTech,Consumer Electronics,Smart Home,Gurugram,Y Combinator,Series C,756.71475,2022-06-23
Swiggy,HealthTech,Pharmacy,Bengaluru,SoftBank Vision Fund,Pre-Seed,1.3135,2024-07-27
CoreSpace,Media,Content,Kolkata,"Bessemer Venture Partners, Omidyar Network",Seed,3.54275,2024-04-17
MediHive,EdTech,Coding Bootcamp,Noida,Kedaara Capital,Series A,42.254,2021-05-26
UrbanDrive,EdTech,UpSkilling,Mumbai,"LCatterton, Ventures India",Pre-Series A,6.96525,2021-05-05
SkillFlow,Media,Streaming,Hyderabad,Blume Ventures,Pre-Series A,2.34025,2024-10-13
Cars24,E-commerce,Fashion,Ahmedabad,"Mirae Asset, SoftBank Vision Fund",Series A,13.3015,2023-12-05
WorkPay_557,Mobility,Ride Sharing,Delhi,Nexus Venture Partners,Bridge,0.518,2021-07-31
Dailyhunt,Media,Social,Gurugram,"Kalaari Capital, Lightspeed India",Seed,7.4925,2020-01-31
Chargebee,SaaS,MarTech,Bengaluru,Tiger Global,Seed,4.56025,2024-09-23
DriveFit_560,Consumer Electronics,Audio,Gurugram,"Nexus Venture Partners, Zodius Capital",Angel,0.37925,2021-05-27
LogiMart,Consumer Electronics,Audio,Bengaluru,Falcon Edge,Seed,1.0175,2024-02-14
FarmTech,RealEstate,Home Services,Pune,Ventures India,Seed,0.76775,2024-01-31
NeoTech,RealEstate,Home Services,Gurugram,"Accel, Lightspeed India, Ribbit Capital",Pre-Series A,0.95275,2020-04-16
NeoSense_564,Retail,Grocery,Ahmedabad,Sequoia Capital India,Seed,1.6835,2024-06-04
Razorpay,AgriTech,Marketplace,Kolkata,Bessemer Venture Partners,Series B,237.38275,2020-11-13
LogiMart,E-commerce,Grocery,Pune,"Blume Ventures, Tiger Global, Y Combinator",Angel,0.148,2024-04-04
AeroStack,EdTech,UpSkilling,Noida,Bessemer Venture Partners,Series C,604.8945,2024-03-29
Dailyhunt,Media,Social,Bengaluru,"LCatterton, Mirae Asset, Nexus Venture Partners",Series B,567.321,2022-01-03
Dailyhunt,Mobility,EV,Noida,"Blume Ventures, Y Combinator",Series B,121.46175,2021-01-23
InMobi,Logistics,Fleet Management,Noida,Info Edge,Seed,3.08025,2022-12-23
CureFit,Mobility,EV,Kolkata,"Blume Ventures, Y Combinator",Pre-Seed,1.1285,2023-07-30
PhonePe,AgriTech,Smart Farming,Ahmedabad,Prosus Ventures,Seed,1.998,2024-01-16
UrbanDrive,RealEstate,Home Services,Noida,Kalaari Capital,Seed,4.588,2021-08-02
AgriSense,Mobility,Micro Mobility,Mumbai,Blume Ventures,Pre-Seed,1.3505,2025-04-04
GreenMart,Consumer Electronics,Audio,Mumbai,"Falcon Edge, Prosus Ventures",Pre-Seed,1.6465,2023-08-07
CloudSolutions_576,EdTech,Test Prep,Bengaluru,"Accel, LCatterton, Mirae Asset",Angel,0.074,2021-03-03
HealthWorks,Media,Content,Pune,"Matrix Partners India, Tiger Global",Series C,2274.69525,2020-04-29
Groww,Enterprise,Security,Mumbai,"Accel, Kedaara Capital",Bridge,2.83975,2025-05-21
AeroHub,Mobility,Micro Mobility,Gurugram,A91 Partners,Series A,18.611,2025-04-24
SkillRise,Retail,Fashion,Ahmedabad,"Blume Ventures, IFC, Prosus Ventures",Pre-Series A,2.664,2022-07-28
BlueTech,Mobility,EV,Delhi,"LCatterton, Peak XV",Series A,131.4425,2023-05-13
NeoSense,FoodTech,Grocery,Chennai,"A91 Partners, Matrix Partners India",Series C,702.32475,2021-10-24
UrbanSolutions,Media,Content,Pune,Sequoia Capital India,Bridge,1.554,2022-07-05
HealthAnalytics,Mobility,Ride Sharing,Hyderabad,IFC,Pre-Seed,0.7955,2021-03-30
DataAnalytics,Media,Content,Noida,"Blume Ventures, Sequoia Capital India",Series A,17.723,2023-03-14
Licious,HealthTech,Diagnostics,Hyderabad,Matrix Partners India,Pre-Series A,1.10075,2023-04-07
Delhivery,E-commerce,Grocery,Chennai,"Accel, Mirae Asset, SoftBank Vision Fund",Series A,13.1165,2021-03-21
Myntra,Enterprise,Automation,Ahmedabad,"Ribbit Capital, Sequoia Capital India",Series C,261.67325,2020-07-14
QuantumAnalytics_589,FinTech,WealthTech,Pune,"Nexus Venture Partners, Peak XV",Growth,690.57725,2022-06-08
HomeFoods,Enterprise,Automation,Bengaluru,"Falcon Edge, Tiger Global",Series B,67.95975,2023-07-18
FoodLoop,HealthTech,Pharmacy,Noida,Prosus Ventures,Series B,273.40225,2020-11-09
DriveFit,Retail,Fashion,Ahmedabad,"Elevation Capital, Kalaari Capital",Series A,15.133,2021-03-30
LogiSense,Consumer Electronics,Smart Home,Bengaluru,Kalaari Capital,Series A,23.5875,2021-06-21
DriveEdge,HealthTech,Diagnostics,Kolkata,"Lightspeed India, Ribbit Capital",Series A,104.9135,2022-09-26
LogiMart,Logistics,Supply Chain,Pune,Accel,Series B,172.11475,2023-03-25
Flipkart,FoodTech,Food Delivery,Pune,"Bessemer Venture Partners, Prosus Ventures",Seed,5.42975,2021-12-06
Lenskart,SaaS,MarTech,Ahmedabad,Lightspeed India,Seed,0.8695,2020-04-01
NimbusWorks,Media,Social,Mumbai,"IFC, Peak XV",Series B,78.81925,2021-05-12
SmartTech_599,Media,Social,Hyderabad,Lightspeed India,Series A,10.33225,2020-02-16
Meesho,EdTech,UpSkilling,Noida,Kedaara Capital,Series A,14.615,2024-02-03
PhonePe,FoodTech,Grocery,Noida,Elevation Capital,Pre-Seed,0.3515,2020-12-14
SkillFlow_602,RealEstate,PropTech,Mumbai,"IFC, Prosus Ventures",Pre-Series A,1.3875,2021-07-09
PhonePe,Logistics,Fleet Management,Chennai,"Accel, Tiger Global Management",Seed,0.63825,2022-02-18
HyperLabs,AgriTech,Marketplace,Mumbai,"A91 Partners, Kedaara Capital",Seed,0.7215,2022-10-22
Razorpay,EdTech,UpSkilling,Pune,Sequoia Capital India,Series A,32.21775,2024-03-04
AgriFit,Logistics,Last Mile,Noida,"Kalaari Capital, Matrix Partners India, Tiger Global Management",Seed,0.98975,2020-05-06
ClearTax,Mobility,EV,Gurugram,"Accel, Prosus Ventures",Seed,1.776,2025-01-11
QuantumAnalytics,RealEstate,Rental Tech,Gurugram,Info Edge,Pre-Series A,2.95075,2023-03-19
FreshTech,SaaS,MarTech,Noida,Omidyar Network,Seed,5.9015,2023-08-29
CloudPay,Logistics,Fleet Management,Noida,Prosus Ventures,Angel,0.0555,2022-05-30
NextSense,Mobility,Micro Mobility,Mumbai,Kedaara Capital,Seed,8.8245,2024-09-15
FoodLoop,FoodTech,Food Delivery,Hyderabad,"Bessemer Venture Partners, Elevation Capital, Peak XV",Series A,50.653,2025-03-27
AeroStack,FinTech,NeoBank,Ahmedabad,Matrix Partners India,Seed,0.629,2023-03-07
GrowthFlow,Media,Content,Delhi,"Kedaara Capital, Y Combinator",Series A,98.52175,2023-05-23
UrbanDrive,HealthTech,Diagnostics,Gurugram,Peak XV,Seed,13.8195,2022-04-16
Flipkart,EdTech,K12,Gurugram,"IFC, Mirae Asset",Seed,0.58275,2025-03-13
NeoSense,EdTech,Coding Bootcamp,Chennai,"Kalaari Capital, Kedaara Capital, Zodius Capital",Series C,391.56175,2023-05-30
GrowthConnect,Consumer Electronics,Wearables,Bengaluru,"Falcon Edge, Tiger Global Management",Growth,3882.595,2021-05-18
Razorpay,Mobility,EV,Noida,Blume Ventures,Series C,1403.43775,2025-05-25
Dailyhunt,FoodTech,Food Delivery,Hyderabad,Omidyar Network,Series A,15.244,2022-05-15
Udaan,Media,Streaming,Delhi,"Accel, Falcon Edge",Series A,16.30775,2023-08-16
BlueTech,Media,Streaming,Delhi,"Info Edge, Sequoia Capital India",Pre-Series A,2.17375,2021-10-24
CloudPay,E-commerce,D2C,Pune,"Bessemer Venture Partners, Kedaara Capital, Nexus Venture Partners",Series B,177.23,2025-01-31
Porter,Media,Content,Pune,"Kedaara Capital, Tiger Global Management",Seed,4.52325,2023-12-19
NextSense,FoodTech,Cloud Kitchen,Delhi,"Blume Ventures, IFC, Nexus Venture Partners",Angel,0.13875,2023-03-04
Udaan,FoodTech,Food Delivery,Hyderabad,"Blume Ventures, Elevation Capital",Series B,166.74975,2025-05-22
LogiSense,FinTech,NeoBank,Hyderabad,"A91 Partners, Sequoia Capital India",Pre-Seed,1.036,2022-10-16
NimbusLabs,AgriTech,Marketplace,Kolkata,Omidyar Network,Series A,10.212,2022-06-23
MediHive,Mobility,EV,Ahmedabad,Tiger Global,Series A,18.32425,2024-08-06
GreenConnect_630,SaaS,B2B SaaS,Delhi,"Elevation Capital, Zodius Capital",Series D,2390.348,2023-09-28
Unacademy,FinTech,Payments,Chennai,"Elevation Capital, Kedaara Capital, Prosus Ventures",Debt,241.1475,2020-11-26
EduTech,Media,Streaming,Pune,SoftBank Vision Fund,Angel,0.21275,2020-07-09
QuantumAnalytics,Retail,Grocery,Noida,Nexus Venture Partners,Seed,3.293,2022-08-22
SkillSolutions,FoodTech,Grocery,Gurugram,Accel,Series B,62.2525,2023-06-07
Unacademy,Consumer Electronics,Smart Home,Ahmedabad,Info Edge,Angel,0.17575,2023-12-18
FoodLoop,AgriTech,Marketplace,Pune,"Kedaara Capital, Mirae Asset",Angel,0.23125,2023-06-12
Chargebee,Consumer Electronics,Audio,Ahmedabad,Sequoia Capital India,Seed,1.1285,2021-08-17
GrowthFlow,Retail,E-Retail,Gurugram,"Tiger Global, Y Combinator",Series C,383.55125,2022-04-29
Meesho,FinTech,Lending,Hyderabad,Elevation Capital,Seed,1.85925,2020-05-18
AgriSense,E-commerce,D2C,Pune,"Peak XV, Zodius Capital",Pre-Series A,0.97125,2023-03-11
CloudLabs,SaaS,MarTech,Kolkata,Mirae Asset,Series C,442.557,2023-08-15
LogiRise,Mobility,EV,Kolkata,"A91 Partners, Falcon Edge, Tiger Global",Series C,327.9865,2022-04-27
HyperLabs,FinTech,Lending,Ahmedabad,Tiger Global,Series B,114.67225,2024-06-25
WorkPay,FinTech,WealthTech,Chennai,A91 Partners,Series A,12.79275,2024-09-21
UrbanDrive,E-commerce,D2C,Pune,"Accel, IFC",Series B,546.27725,2021-07-10
NimbusWorks,Logistics,Last Mile,Noida,Bessemer Venture Partners,Seed,4.13475,2020-08-17
CloudPay,Consumer Electronics,Smart Home,Bengaluru,"Blume Ventures, SoftBank Vision Fund",Series C,1163.7425,2025-01-27
AgriHive,Mobility,EV,Pune,Zodius Capital,Seed,8.50075,2024-11-20
LogiSense,FinTech,InsurTech,Chennai,Sequoia Capital India,Series B,184.2045,2022-12-05
FarmFit,AgriTech,Supply Chain,Pune,Falcon Edge,Series A,11.70125,2020-04-04
FreshTech_651,Retail,Grocery,Gurugram,Elevation Capital,Seed,3.35775,2021-01-29
FoodLoop,RealEstate,PropTech,Hyderabad,Sequoia Capital India,Seed,4.033,2021-07-14
Zomato,EdTech,UpSkilling,Noida,"A91 Partners, Bessemer Venture Partners, Blume Ventures",Seed,7.2335,2020-10-16
FreshTech,SaaS,MarTech,Bengaluru,"Accel, Tiger Global, Y Combinator",Seed,2.2755,2022-08-22
DriveFit,AgriTech,Marketplace,Kolkata,Zodius Capital,Series A,13.07025,2021-10-01
HealthRise,Retail,Grocery,Ahmedabad,"Info Edge, Mirae Asset, Prosus Ventures",Seed,1.3135,2024-07-22
InMobi,Consumer Electronics,Audio,Gurugram,"Matrix Partners India, Y Combinator",Seed,1.76675,2025-01-08
BlueTech,RealEstate,Home Services,Pune,Mirae Asset,Series A,53.1875,2020-03-02
NextFlow,Enterprise,Analytics,Hyderabad,"Accel, Nexus Venture Partners",Series C,867.88125,2023-05-22
AeroStack,RealEstate,PropTech,Hyderabad,"Kalaari Capital, Ribbit Capital",Series A,24.26275,2022-03-31
NextSense,FoodTech,Cloud Kitchen,Pune,"Info Edge, Tiger Global Management",Seed,17.60275,2023-11-22
DataHive,EdTech,K12,Mumbai,"Accel, Zodius Capital",Series B,248.048,2023-12-28
SmartMart,E-commerce,Fashion,Delhi,Omidyar Network,Seed,1.11,2022-04-11
QuantumAnalytics,RealEstate,Rental Tech,Bengaluru,LCatterton,Seed,0.67525,2024-07-31
Rapido,Retail,E-Retail,Delhi,"Info Edge, Ribbit Capital",Series A,13.99525,2021-08-19
CoreFlow,SaaS,HRTech,Ahmedabad,LCatterton,Series C,360.11175,2023-10-23
DriveEdge,SaaS,B2B SaaS,Ahmedabad,IFC,Pre-Seed,0.26825,2022-11-11
HealthWorks,Mobility,Ride Sharing,Bengaluru,Accel,Series B,77.57975,2024-08-07
HealthAnalytics,EdTech,Coding Bootcamp,Ahmedabad,"A91 Partners, Y Combinator",Pre-Series A,1.78525,2021-10-13
NoBroker,Consumer Electronics,Audio,Gurugram,Zodius Capital,Series A,14.79075,2024-09-23
HyperLoop,Enterprise,Automation,Delhi,"Kedaara Capital, Mirae Asset, Sequoia Capital India",Seed,12.64475,2020-05-26
DriveEdge,HealthTech,Telemedicine,Delhi,"Kedaara Capital, LCatterton",Series B,57.7755,2022-05-01
Innovaccer,AgriTech,Supply Chain,Kolkata,"Kalaari Capital, Lightspeed India",Series A,38.28575,2023-02-04
Innovaccer,AgriTech,Supply Chain,Ahmedabad,Kedaara Capital,Series A,28.11075,2024-02-05
NextStack,Mobility,Micro Mobility,Pune,"Mirae Asset, Y Combinator",Pre-Seed,1.776,2020-03-18
AgriHive,E-commerce,Marketplace,Noida,Mirae Asset,Debt,1.85925,2024-03-17
HealthRise,AgriTech,Supply Chain,Gurugram,"Accel, Peak XV, Ribbit Capital",Series A,27.16725,2024-02-27
FreshTech,SaaS,B2B SaaS,Kolkata,"A91 Partners, SoftBank Vision Fund",Series A,127.7425,2025-01-29
AgriFit,Retail,Grocery,Hyderabad,"Kedaara Capital, Ventures India",Seed,11.2665,2023-11-24
Swiggy,FinTech,InsurTech,Ahmedabad,"Ribbit Capital, Tiger Global Management, Zodius Capital",Seed,9.42575,2020-04-15
SmartTech,HealthTech,Telemedicine,Hyderabad,Elevation Capital,Seed,1.19325,2023-06-15
CloudSolutions_682,E-commerce,Grocery,Delhi,Prosus Ventures,Angel,0.074,2024-02-22
Nykaa,Retail,E-Retail,Hyderabad,"Blume Ventures, Falcon Edge",Series C,1131.24725,2021-04-28
GreenMart,E-commerce,Marketplace,Ahmedabad,"Kalaari Capital, Ventures India",Angel,0.74925,2020-11-11
AeroHub,Consumer Electronics,Smart Home,Delhi,Tiger Global,Seed,3.6075,2024-02-12
CureFit,Retail,E-Retail,Bengaluru,"Elevation Capital, Ventures India",Seed,3.811,2022-03-27
PharmEasy,FoodTech,Grocery,Chennai,"IFC, Sequoia Capital India",Series A,19.7395,2020-10-24
EduMart,SaaS,B2B SaaS,Mumbai,Peak XV,Angel,0.4625,2023-07-29
Paytm,AgriTech,Marketplace,Hyderabad,Matrix Partners India,Seed,0.925,2021-06-30
DriveFit,RealEstate,Rental Tech,Gurugram,Falcon Edge,Series B,113.4605,2023-04-20
BlueTech,FinTech,Payments,Mumbai,"Accel, Info Edge",Pre-Seed,0.49025,2020-07-19
HomeAnalytics,Logistics,Last Mile,Bengaluru,Peak XV,Pre-Seed,0.592,2020-07-07
GreenEdge,RealEstate,PropTech,Mumbai,Y Combinator,Seed,1.1285,2023-05-23
DataEdge,Media,Social,Hyderabad,Ribbit Capital,Seed,0.703,2023-09-14
SkillSolutions,Media,Streaming,Pune,Elevation Capital,Seed,4.403,2024-05-17
HealthWorks,SaaS,B2B SaaS,Hyderabad,Info Edge,Bridge,1.34125,2021-06-26
NeoLabs,EdTech,Coding Bootcamp,Delhi,A91 Partners,Series B,231.731,2020-08-10
Paytm,EdTech,Test Prep,Kolkata,Tiger Global,Series B,70.95675,2020-07-30
AutoStack,FinTech,InsurTech,Delhi,Prosus Ventures,Series B,175.57425,2020-01-02
NextStack,SaaS,MarTech,Ahmedabad,"Kalaari Capital, Mirae Asset",Pre-Seed,0.629,2023-12-20
CRED,Mobility,Ride Sharing,Bengaluru,"Falcon Edge, Nexus Venture Partners",Pre-Series A,1.04525,2023-11-12
Licious,SaaS,HRTech,Chennai,"Accel, Falcon Edge, Peak XV",Seed,1.60025,2025-05-17
HealthRise,Retail,Grocery,Gurugram,"Elevation Capital, Prosus Ventures",Seed,0.7585,2020-03-21
UrbanDrive,RealEstate,Rental Tech,Pune,"Blume Ventures, Info Edge, Sequoia Capital India",Series A,10.97975,2024-12-17
GrowthFlow,AgriTech,Supply Chain,Kolkata,"Mirae Asset, Ribbit Capital",Pre-Series A,9.03725,2024-06-11
EduBox,FinTech,Payments,Pune,"Bessemer Venture Partners, Nexus Venture Partners, Tiger Global",Seed,1.517,2024-06-01
LogiRise,Enterprise,Automation,Delhi,Sequoia Capital India,Series B,436.81275,2021-04-22
SmartCare,FinTech,InsurTech,Ahmedabad,"Blume Ventures, Nexus Venture Partners, Tiger Global",Pre-Seed,0.333,2023-12-07
BigBasket,Enterprise,Analytics,Kolkata,"Tiger Global, Zodius Capital",Series A,58.571,2024-09-06
Porter,Consumer Electronics,Smart Home,Ahmedabad,Info Edge,Seed,7.6405,2024-07-05
FoodFit,RealEstate,Rental Tech,Noida,Ventures India,Seed,4.1625,2024-09-09
NoBroker,SaaS,B2B SaaS,Mumbai,"Blume Ventures, Y Combinator",Seed,2.63625,2024-03-31
Dream11,Consumer Electronics,Audio,Ahmedabad,"Bessemer Venture Partners, Omidyar Network, Sequoia Capital India",Pre-Seed,0.481,2020-07-23
Myntra,E-commerce,Quick Commerce,Bengaluru,"Kalaari Capital, LCatterton, Ribbit Capital",Seed,1.67425,2020-07-01
FarmBox,EdTech,K12,Hyderabad,Peak XV,Series A,114.6445,2022-04-23
GrowthConnect,Media,Content,Ahmedabad,Y Combinator,Bridge,9.90675,2023-07-08
MediHive,EdTech,Test Prep,Noida,IFC,Bridge,16.2615,2023-06-21
ClearDekho,EdTech,Coding Bootcamp,Gurugram,Bessemer Venture Partners,Seed,0.73075,2021-01-31
FarmBox,HealthTech,Telemedicine,Bengaluru,Info Edge,Series B,350.88025,2021-08-06
WorkStack,Retail,Grocery,Bengaluru,"Bessemer Venture Partners, Blume Ventures",Seed,14.73525,2020-04-17
Myntra,Mobility,Ride Sharing,Mumbai,"Omidyar Network, SoftBank Vision Fund",Angel,0.08325,2024-01-17
BlueRise,SaaS,DevTools,Mumbai,Ventures India,Seed,0.592,2020-07-19
CloudPay,EdTech,Test Prep,Kolkata,"Nexus Venture Partners, Peak XV",Series A,68.82925,2020-04-21
AutoFlow,SaaS,DevTools,Kolkata,Tiger Global Management,Series B,227.42975,2023-07-18
CloudPay,FinTech,NeoBank,Bengaluru,"Blume Ventures, Info Edge",Seed,10.323,2020-08-15
DataHive,Logistics,Fleet Management,Delhi,"LCatterton, Omidyar Network",Series C,270.1185,2023-07-30
HomeFoods,Enterprise,Automation,Kolkata,Mirae Asset,Growth,3772.15925,2021-03-19
UrbanStack,Media,Social,Gurugram,LCatterton,Seed,0.97125,2023-04-01
WorkPay,FinTech,InsurTech,Bengaluru,"Falcon Edge, Sequoia Capital India, Ventures India",Pre-Seed,0.26825,2022-08-21
GrowthCare,Media,Social,Kolkata,"Kedaara Capital, Ventures India",Series A,14.43,2020-06-19
Freshworks,EdTech,K12,Pune,Sequoia Capital India,Seed,9.33325,2023-08-19
BigBasket,HealthTech,Health Analytics,Ahmedabad,"Mirae Asset, Nexus Venture Partners",Series B,292.47575,2020-02-19
CoreConnect,Enterprise,Security,Kolkata,"LCatterton, SoftBank Vision Fund, Tiger Global",Series B,197.21925,2020-01-03
GreenMart,Retail,Grocery,Ahmedabad,Bessemer Venture Partners,Series A,24.44775,2024-06-15
HealthRise,SaaS,B2B SaaS,Noida,LCatterton,Bridge,11.75675,2023-10-13
FreshToHome,FoodTech,Food Delivery,Kolkata,Blume Ventures,Series A,26.7695,2022-01-18
CRED,Mobility,Micro Mobility,Gurugram,A91 Partners,Seed,9.40725,2021-11-16
GrowthCare,Retail,Fashion,Gurugram,SoftBank Vision Fund,Series C,607.62325,2024-04-07
NextStack,FoodTech,Food Delivery,Bengaluru,"Falcon Edge, Mirae Asset",Seed,1.85925,2021-12-08
NeoTech,Mobility,Micro Mobility,Noida,"Prosus Ventures, Y Combinator",Angel,0.185,2022-07-14
Byju's,EdTech,Coding Bootcamp,Mumbai,Elevation Capital,Seed,1.406,2025-01-12
Dunzo,E-commerce,Marketplace,Hyderabad,"Lightspeed India, Nexus Venture Partners",Seed,7.289,2020-10-30
DataAnalytics,RealEstate,Rental Tech,Delhi,"Sequoia Capital India, Ventures India",Series A,36.0935,2022-05-10
FinFoods_744,Enterprise,Analytics,Noida,"Ribbit Capital, SoftBank Vision Fund",Series B,88.05075,2022-04-23
NeoSense,RealEstate,Rental Tech,Noida,"Elevation Capital, Nexus Venture Partners",Series D,3670.16875,2022-06-30
BigBasket,HealthTech,Pharmacy,Gurugram,Bessemer Venture Partners,Series A,26.159,2025-06-11
Postman,HealthTech,Pharmacy,Hyderabad,"Kedaara Capital, Peak XV",Series A,40.3115,2020-12-06
SmartTech,HealthTech,Diagnostics,Delhi,A91 Partners,Seed,13.098,2020-03-25
Dailyhunt,Logistics,Supply Chain,Delhi,Prosus Ventures,Seed,4.625,2023-12-19
FoodSolutions,Consumer Electronics,Smart Home,Delhi,Kalaari Capital,Series A,12.691,2020-09-05
Chargebee,Retail,E-Retail,Kolkata,Tiger Global Management,Angel,0.777,2020-11-15
ClearDekho,SaaS,HRTech,Kolkata,"Bessemer Venture Partners, Prosus Ventures",Angel,0.30525,2025-06-08
Ola,SaaS,B2B SaaS,Kolkata,"A91 Partners, Kalaari Capital, SoftBank Vision Fund",Angel,0.1295,2020-10-12
HomeAnalytics,E-commerce,D2C,Bengaluru,"Bessemer Venture Partners, Falcon Edge",Series A,13.4865,2021-02-03
QuantumSolutions,E-commerce,Grocery,Kolkata,Tiger Global Management,Series B,418.03525,2025-05-15
DriveFit,SaaS,B2B SaaS,Pune,Y Combinator,Pre-Series A,3.85725,2024-01-06
HealthAnalytics,Logistics,Supply Chain,Noida,"Kalaari Capital, Ventures India",Seed,3.3115,2024-01-30
Ola,Logistics,Last Mile,Chennai,Zodius Capital,Series B,551.40175,2022-04-28
Unacademy,HealthTech,Diagnostics,Hyderabad,"Tiger Global, Tiger Global Management",Series A,78.2735,2024-11-11
UrbanSolutions,FoodTech,Grocery,Hyderabad,"Kedaara Capital, Ventures India",Pre-Series A,1.3135,2023-02-12
FinSense,Enterprise,Security,Hyderabad,Zodius Capital,Series A,21.5155,2020-03-27
Oyo,Consumer Electronics,Smart Home,Kolkata,Blume Ventures,Seed,1.15625,2024-06-08
Delhivery,RealEstate,Rental Tech,Kolkata,Kalaari Capital,Seed,7.1965,2023-09-25
NeoLabs,RealEstate,PropTech,Bengaluru,"Tiger Global, Tiger Global Management",Seed,0.52725,2021-07-21
ShareChat,AgriTech,Smart Farming,Ahmedabad,"Prosus Ventures, Tiger Global Management, Zodius Capital",Series A,43.29,2021-06-12
NimbusWorks,AgriTech,Supply Chain,Hyderabad,SoftBank Vision Fund,Seed,7.70525,2020-04-29
HyperSpace,FinTech,WealthTech,Pune,Tiger Global,Pre-Series A,6.96525,2025-02-10
Cars24,Mobility,Micro Mobility,Mumbai,"Accel, Blume Ventures, Ventures India",Series A,23.35625,2024-04-18
AgriSense,Enterprise,Automation,Hyderabad,"Falcon Edge, Y Combinator",Seed,9.5645,2023-11-30
SmartCare_770,Mobility,EV,Pune,LCatterton,Series C,249.6205,2022-04-23
BharatPe,E-commerce,Marketplace,Delhi,Bessemer Venture Partners,Series A,91.54725,2024-08-30
Porter,FoodTech,Food Delivery,Mumbai,Mirae Asset,Seed,0.74,2020-09-25
FreshTech,HealthTech,Health Analytics,Ahmedabad,Blume Ventures,Series A,27.13025,2025-06-09
Oyo,FinTech,Payments,Gurugram,Prosus Ventures,Seed,8.75975,2023-11-22
BigBasket,HealthTech,Diagnostics,Delhi,"Accel, Sequoia Capital India, Ventures India",Debt,2.3495,2022-05-20
AgriHive,FinTech,Lending,Mumbai,"Mirae Asset, Omidyar Network",Pre-Seed,0.3145,2023-09-13
AutoStack_777,Logistics,Fleet Management,Bengaluru,LCatterton,Series C,1307.99625,2024-05-21
CoreFlow,EdTech,K12,Pune,"Peak XV, Y Combinator",Pre-Seed,0.97125,2020-10-25
BharatPe,Enterprise,Automation,Ahmedabad,Accel,Seed,4.921,2023-03-13
UrbanStack,Media,Social,Hyderabad,"Kedaara Capital, Sequoia Capital India",Seed,5.98475,2024-03-24
Meesho,Mobility,Micro Mobility,Kolkata,Info Edge,Pre-Series A,3.22825,2023-04-22
AeroStack,SaaS,MarTech,Chennai,"Accel, Tiger Global Management",Seed,1.17475,2021-04-11
NeoTech,Mobility,Ride Sharing,Kolkata,A91 Partners,Series C,471.787,2023-12-14
Razorpay,E-commerce,D2C,Kolkata,"Omidyar Network, SoftBank Vision Fund",Seed,0.9065,2021-08-03
Ola,EdTech,Coding Bootcamp,Hyderabad,IFC,Debt,261.8305,2022-05-26
FarmBox,SaaS,DevTools,Bengaluru,"Accel, Info Edge, Prosus Ventures",Debt,34.73375,2022-10-03
WorkFit,FoodTech,Food Delivery,Ahmedabad,Tiger Global,Bridge,2.02575,2024-02-27
BlueRise,AgriTech,Smart Farming,Mumbai,"Mirae Asset, Ventures India",Seed,2.54375,2022-05-19
SkillFlow,Retail,Fashion,Chennai,"Peak XV, Tiger Global Management",Pre-Series A,8.1955,2023-09-27
QuantumSolutions,Consumer Electronics,Audio,Mumbai,Ribbit Capital,Seed,0.814,2022-10-15
HyperSpace_791,Media,Social,Mumbai,Y Combinator,Series A,45.251,2020-02-24
NeoSense,AgriTech,Marketplace,Mumbai,"Bessemer Venture Partners, Ventures India",Series C,728.02125,2023-09-15
CloudPay,Consumer Electronics,Wearables,Noida,"A91 Partners, Peak XV",Seed,4.41225,2021-12-04
GreenMart,E-commerce,Fashion,Kolkata,"Info Edge, Sequoia Capital India",Seed,0.49025,2022-02-09
Oyo,Media,Social,Kolkata,"A91 Partners, Kalaari Capital, Ventures India",Series A,98.1425,2021-10-01
NeoLabs,RealEstate,Rental Tech,Ahmedabad,Falcon Edge,Series A,115.44925,2023-02-25
DriveFit,AgriTech,Smart Farming,Ahmedabad,SoftBank Vision Fund,Series B,221.6115,2024-04-18
ClearTax,AgriTech,Supply Chain,Delhi,"Omidyar Network, Ribbit Capital, Ventures India",Series D,2300.18825,2021-12-15
QuantumAnalytics,SaaS,HRTech,Chennai,Matrix Partners India,Pre-Series A,7.74225,2023-09-16
FreshTech,Media,Social,Hyderabad,Falcon Edge,Seed,6.28075,2020-12-13
GrowthConnect,Enterprise,Security,Ahmedabad,Sequoia Capital India,Series A,13.97675,2022-05-12
CoreSpace,SaaS,MarTech,Ahmedabad,Zodius Capital,Pre-Series A,3.48725,2023-03-18
Practo,Media,Streaming,Gurugram,"Omidyar Network, SoftBank Vision Fund, Y Combinator",Seed,4.33825,2022-10-26
DriveEdge,RealEstate,PropTech,Noida,Elevation Capital,Seed,2.21075,2021-06-27
FoodFit,AgriTech,Marketplace,Mumbai,Omidyar Network,Series B,356.35625,2023-03-30
SkillFlow_806,Retail,Fashion,Kolkata,Ribbit Capital,Pre-Series A,7.955,2021-12-12
Oyo,Mobility,EV,Chennai,Kalaari Capital,Series B,602.01775,2021-10-03
AutoStack,Consumer Electronics,Smart Home,Noida,"A91 Partners, IFC, Kedaara Capital",Seed,2.442,2020-02-08
Meesho,RealEstate,Rental Tech,Kolkata,"IFC, Zodius Capital",Seed,0.703,2023-07-30
DriveEdge,Media,Streaming,Bengaluru,Nexus Venture Partners,Series A,133.17225,2022-01-16
Delhivery,Enterprise,Security,Chennai,Ribbit Capital,Seed,10.212,2024-08-27
Flipkart,Logistics,Supply Chain,Delhi,Kalaari Capital,Seed,0.73075,2023-05-16
Porter,HealthTech,Diagnostics,Bengaluru,Mirae Asset,Seed,13.8195,2024-08-21
DriveEdge,FinTech,Lending,Delhi,Bessemer Venture Partners,Seed,11.4515,2020-02-29
QuantumSolutions,HealthTech,Telemedicine,Kolkata,SoftBank Vision Fund,Series C,754.0045,2020-04-23
Delhivery,Enterprise,Analytics,Chennai,"Kalaari Capital, LCatterton, Zodius Capital",Angel,0.26825,2023-10-07
FinSense,AgriTech,Marketplace,Noida,"Peak XV, Zodius Capital",Angel,0.15725,2022-12-04
AutoStack,E-commerce,Marketplace,Ahmedabad,SoftBank Vision Fund,Seed,0.56425,2024-07-10
UrbanDrive,Media,Social,Chennai,Lightspeed India,Seed,1.591,2020-08-06
SkillSolutions,Logistics,Fleet Management,Bengaluru,"Info Edge, Peak XV, SoftBank Vision Fund",Series A,81.35375,2022-02-06
LogiMart,Retail,E-Retail,Pune,Sequoia Capital India,Series A,9.37025,2022-01-23
GreenMart,RealEstate,PropTech,Gurugram,Ribbit Capital,Seed,1.58175,2022-02-26
ShareChat,Retail,Fashion,Mumbai,"Kalaari Capital, LCatterton",Series A,27.195,2021-04-29
DriveFit,Logistics,Supply Chain,Mumbai,Elevation Capital,Angel,0.23125,2024-03-29
BharatPe,Consumer Electronics,Smart Home,Pune,"IFC, Kalaari Capital, Sequoia Capital India",Growth,5240.63375,2024-04-19
NeoLabs,FoodTech,Food Delivery,Chennai,Zodius Capital,Growth,1153.63225,2024-08-06
Swiggy,Mobility,Ride Sharing,Pune,"Info Edge, Ventures India",Pre-Series A,2.0535,2024-02-02
ClearTax,Retail,E-Retail,Delhi,"Kalaari Capital, Nexus Venture Partners, Ribbit Capital",Series B,357.4015,2024-06-08
HyperLabs,E-commerce,Marketplace,Gurugram,"IFC, Prosus Ventures, Ventures India",Series A,31.47775,2025-06-08
FoodLoop,Enterprise,Automation,Delhi,"Bessemer Venture Partners, Zodius Capital",Seed,1.0545,2023-11-08
BlueRise,SaaS,DevTools,Chennai,"Lightspeed India, Peak XV",Growth,1526.38875,2025-04-18
HomeFoods,Consumer Electronics,Audio,Hyderabad,Kalaari Capital,Series B,68.34825,2020-12-11
DriveLoop,HealthTech,Telemedicine,Pune,Sequoia Capital India,Seed,0.888,2023-03-07
DriveEdge,Consumer Electronics,Smart Home,Kolkata,Blume Ventures,Seed,2.9045,2024-01-01
NextStack,Consumer Electronics,Wearables,Delhi,"Lightspeed India, Zodius Capital",Series A,28.7675,2021-02-27
FinFoods,FoodTech,Cloud Kitchen,Bengaluru,Ribbit Capital,Seed,13.51425,2021-06-20
LogiMart,RealEstate,Rental Tech,Kolkata,IFC,Seed,1.7575,2022-08-18
AutoMart,Media,Content,Chennai,Accel,Series B,231.31475,2021-06-08
HealthWorks_839,EdTech,Coding Bootcamp,Pune,"Omidyar Network, Tiger Global Management, Ventures India",Debt,47.05475,2025-04-07
FarmFit_840,Mobility,Micro Mobility,Chennai,"A91 Partners, Tiger Global Management, Y Combinator",Seed,0.481,2022-03-19
EduTech,Mobility,EV,Pune,SoftBank Vision Fund,Growth,2664.47175,2020-09-27
Paytm,HealthTech,Pharmacy,Mumbai,Mirae Asset,Seed,0.888,2025-06-27
QuantumSolutions,FoodTech,Food Delivery,Hyderabad,Falcon Edge,Series A,124.86575,2024-04-08
DriveEdge,SaaS,MarTech,Delhi,"Blume Ventures, Info Edge, Ribbit Capital",Series A,13.838,2025-03-05
Udaan,EdTech,K12,Bengaluru,"LCatterton, Mirae Asset, Nexus Venture Partners",Series A,28.4345,2020-11-30
NimbusLabs_846,SaaS,MarTech,Kolkata,"Accel, IFC, Nexus Venture Partners",Series A,11.655,2024-09-28
HealthAnalytics,HealthTech,Pharmacy,Ahmedabad,Omidyar Network,Angel,0.91575,2023-04-14
MediHive,AgriTech,Supply Chain,Chennai,"LCatterton, Prosus Ventures",Angel,0.21275,2021-05-19
GrowthFlow,RealEstate,PropTech,Chennai,Zodius Capital,Pre-Series A,3.6445,2025-03-17
HyperLoop_850,Consumer Electronics,Smart Home,Kolkata,Omidyar Network,Series A,11.09075,2025-05-10
MediHive,FinTech,NeoBank,Kolkata,"Bessemer Venture Partners, LCatterton, Nexus Venture Partners",Seed,7.35375,2024-02-07
Postman,Retail,Fashion,Hyderabad,"Peak XV, Tiger Global, Y Combinator",Seed,0.999,2020-04-23
FoodFit,EdTech,Coding Bootcamp,Mumbai,Kalaari Capital,Pre-Seed,1.4615,2021-03-02
CoreConnect,Retail,Fashion,Delhi,"LCatterton, Ventures India",Seed,0.98975,2022-10-02
LogiSense,E-commerce,D2C,Noida,"A91 Partners, Mirae Asset",Seed,0.93425,2022-07-01
Innovaccer,E-commerce,Fashion,Pune,"Info Edge, SoftBank Vision Fund, Tiger Global",Series A,10.212,2022-06-08
SmartMart,RealEstate,Rental Tech,Delhi,"Accel, Mirae Asset, Ribbit Capital",Angel,0.19425,2022-12-15
HealthRise,Consumer Electronics,Wearables,Delhi,Zodius Capital,Debt,30.9505,2023-11-02
DriveLoop,FinTech,NeoBank,Mumbai,Falcon Edge,Angel,0.0555,2022-11-17
Flipkart,E-commerce,Fashion,Ahmedabad,Omidyar Network,Series C,1510.99675,2021-12-28
AeroAnalytics_861,Media,Streaming,Kolkata,"Kalaari Capital, Tiger Global",Seed,2.4605,2021-01-08
Delhivery,SaaS,MarTech,Kolkata,Tiger Global Management,Series A,38.26725,2021-06-26
DataEdge,E-commerce,Grocery,Hyderabad,"Falcon Edge, Sequoia Capital India",Growth,1480.074,2020-08-05
Porter,FinTech,Lending,Kolkata,"Mirae Asset, Omidyar Network, Tiger Global Management",Series A,27.38,2022-04-09
ShareChat,Media,Streaming,Chennai,Nexus Venture Partners,Series C,842.09225,2020-06-28
FinFoods,FinTech,Lending,Bengaluru,Ribbit Capital,Seed,0.82325,2023-08-21
DriveEdge,Enterprise,Automation,Gurugram,"Kalaari Capital, Nexus Venture Partners",Seed,0.9065,2024-04-25
Porter,HealthTech,Diagnostics,Kolkata,IFC,Bridge,11.10925,2022-08-23
HomeMart,AgriTech,Smart Farming,Bengaluru,"IFC, Info Edge, Kalaari Capital",Seed,15.16075,2020-07-29
NimbusLabs,AgriTech,Marketplace,Noida,"Falcon Edge, Kalaari Capital",Debt,9.4165,2020-03-16
Myntra,EdTech,Test Prep,Noida,A91 Partners,Pre-Seed,0.34225,2023-03-26
NextStack,FoodTech,Food Delivery,Mumbai,"Kedaara Capital, Sequoia Capital India, Y Combinator",Series A,52.91,2025-04-06
SmartTech,Consumer Electronics,Wearables,Kolkata,"LCatterton, SoftBank Vision Fund",Seed,2.0905,2021-03-25
InMobi,HealthTech,Pharmacy,Chennai,"Mirae Asset, Ribbit Capital, Y Combinator",Bridge,0.50875,2024-09-02
BharatPe,AgriTech,Supply Chain,Hyderabad,"Blume Ventures, Mirae Asset",Series B,71.30825,2020-06-25
NeoLabs,FoodTech,Food Delivery,Hyderabad,Tiger Global Management,Seed,6.48425,2023-02-14
Licious,Logistics,Supply Chain,Delhi,"Sequoia Capital India, Tiger Global",Seed,5.254,2024-10-26
Paytm,E-commerce,Grocery,Gurugram,"Matrix Partners India, SoftBank Vision Fund",Seed,0.50875,2021-04-03
AgriFit,Retail,Fashion,Hyderabad,"Accel, IFC, Omidyar Network",Angel,0.0925,2024-10-13
Postman,Consumer Electronics,Wearables,Mumbai,"IFC, Omidyar Network",Bridge,1.08225,2024-05-19
Zomato,Enterprise,Automation,Bengaluru,"Lightspeed India, Nexus Venture Partners, Y Combinator",Series A,57.06325,2020-12-08
Cars24,Media,Content,Noida,Blume Ventures,Series A,9.75875,2024-11-17
Mobikwik,SaaS,DevTools,Mumbai,"Sequoia Capital India, Ventures India",Series D,587.79125,2022-06-18
FarmBox,Mobility,Ride Sharing,Mumbai,"Prosus Ventures, Y Combinator",Seed,8.843,2024-01-04
WorkPay,Mobility,EV,Gurugram,LCatterton,Seed,0.89725,2022-05-28
ShareChat,FinTech,InsurTech,Delhi,"Accel, Peak XV",Series C,1083.582,2024-01-09
HyperLabs,Retail,E-Retail,Chennai,Prosus Ventures,Seed,1.11,2024-04-03
WorkPay,FinTech,NeoBank,Hyderabad,"IFC, Kedaara Capital",Pre-Series A,1.1655,2024-12-19
HyperLabs,FinTech,WealthTech,Noida,"Kalaari Capital, LCatterton, Ribbit Capital",Series A,17.871,2020-10-27
Ola,Media,Content,Chennai,Accel,Series C,1308.05175,2024-12-09
WorkStack,Media,Streaming,Delhi,Lightspeed India,Series A,93.869,2023-01-12
FreshTech,Retail,Fashion,Delhi,"Matrix Partners India, Omidyar Network",Pre-Seed,1.24875,2024-12-28
Oyo,Media,Content,Noida,Matrix Partners India,Seed,1.998,2020-05-02
ClearDekho,SaaS,B2B SaaS,Bengaluru,Info Edge,Series C,1129.536,2025-04-11
MediHive,EdTech,K12,Pune,"A91 Partners, Nexus Venture Partners, Y Combinator",Seed,0.98975,2023-09-27
LogiMart,Mobility,Micro Mobility,Gurugram,"Accel, Kedaara Capital",Series C,409.2015,2022-01-09
Flipkart,E-commerce,Quick Commerce,Bengaluru,"Accel, Lightspeed India",Pre-Series A,7.289,2020-09-23
CoreConnect,Mobility,EV,Hyderabad,"Prosus Ventures, Tiger Global Management",Series A,9.583,2023-07-27
NeoLabs,FoodTech,Cloud Kitchen,Delhi,"Falcon Edge, Info Edge, Tiger Global Management",Series A,11.66425,2022-09-19
Housejoy,Media,Social,Kolkata,Peak XV,Series A,16.243,2024-03-08
Nykaa,E-commerce,Grocery,Chennai,"Elevation Capital, Falcon Edge",Seed,0.50875,2022-01-26
Housejoy,SaaS,HRTech,Pune,Bessemer Venture Partners,Seed,0.9065,2022-09-22
SmartCare,FoodTech,Cloud Kitchen,Hyderabad,Zodius Capital,Private Equity,3541.46425,2021-03-17
NeoLabs_904,Mobility,EV,Mumbai,A91 Partners,Growth,1406.43475,2022-05-05
BlueSpace,Consumer Electronics,Smart Home,Ahmedabad,"Ribbit Capital, Ventures India",Seed,12.4505,2020-10-10
EduMart,Media,Content,Mumbai,"Kalaari Capital, Matrix Partners India",Series C,1692.6205,2023-09-22
AutoMart,FinTech,InsurTech,Hyderabad,Kedaara Capital,Series B,119.31575,2024-11-08
FreshTech,E-commerce,Grocery,Mumbai,"A91 Partners, Tiger Global",Seed,1.2025,2023-06-21
FinFoods,Mobility,Ride Sharing,Mumbai,Tiger Global Management,Series B,132.52475,2022-12-25
SkillSolutions,EdTech,Coding Bootcamp,Mumbai,Kalaari Capital,Series C,914.98225,2023-05-27
FarmFit,FinTech,WealthTech,Chennai,"Matrix Partners India, SoftBank Vision Fund",Seed,1.2395,2020-02-19
Porter,E-commerce,Grocery,Delhi,Ventures India,Seed,4.625,2021-01-09
HyperLoop,FoodTech,Grocery,Delhi,Blume Ventures,Seed,2.0905,2025-05-22
NimbusMart,E-commerce,D2C,Delhi,Y Combinator,Pre-Series A,3.293,2021-10-25
Housejoy,FinTech,Lending,Gurugram,Mirae Asset,Series C,602.693,2023-04-15
ClearDekho,FoodTech,Cloud Kitchen,Hyderabad,"Kalaari Capital, Mirae Asset",Seed,1.369,2022-08-09
Freshworks,RealEstate,PropTech,Bengaluru,"Matrix Partners India, Prosus Ventures",Seed,15.2995,2025-05-27
FreshSolutions,FoodTech,Food Delivery,Mumbai,Bessemer Venture Partners,Series D,2683.60075,2022-10-21
SmartCare,HealthTech,Diagnostics,Noida,"Info Edge, Sequoia Capital India",Bridge,0.777,2025-05-22
SmartMart,AgriTech,Smart Farming,Delhi,"Elevation Capital, Matrix Partners India",Pre-Seed,1.369,2025-03-26
QuantumAnalytics,Enterprise,Automation,Gurugram,Tiger Global,Series A,34.62275,2022-11-11
CRED,Logistics,Last Mile,Chennai,Kedaara Capital,Series B,552.41,2024-08-27
QuantumSolutions,EdTech,UpSkilling,Pune,"Info Edge, Matrix Partners India, Tiger Global Management",Series B,424.84325,2025-06-29
DataHive,AgriTech,Smart Farming,Bengaluru,"LCatterton, Omidyar Network, Sequoia Capital India",Angel,0.1665,2020-09-30
MediSpace,FoodTech,Grocery,Kolkata,Bessemer Venture Partners,Series C,196.60875,2023-01-07
Dunzo,Mobility,Ride Sharing,Kolkata,"Y Combinator, Zodius Capital",Series B,97.41175,2021-12-23
EduTech,Retail,Fashion,Bengaluru,Info Edge,Seed,3.41325,2022-01-28
HomeAnalytics,Retail,Grocery,Pune,"Ribbit Capital, Zodius Capital",Seed,4.78225,2024-07-29
HomeAnalytics,Consumer Electronics,Wearables,Bengaluru,"Kedaara Capital, Lightspeed India",Seed,1.19325,2025-01-26
AutoMart,Logistics,Fleet Management,Noida,Prosus Ventures,Series A,13.4865,2023-02-04
NoBroker,E-commerce,Grocery,Delhi,Peak XV,Series B,468.235,2020-09-17
HomeFoods,Media,Content,Gurugram,"Omidyar Network, Prosus Ventures",Series D,4461.83925,2020-02-17
AutoFlow_933,FoodTech,Grocery,Bengaluru,"Kalaari Capital, Zodius Capital",Series D,1551.67825,2021-10-23
NeoTech,Consumer Electronics,Wearables,Pune,"Elevation Capital, Kalaari Capital, Lightspeed India",Series A,14.726,2020-03-30
EduMart,FoodTech,Cloud Kitchen,Pune,Tiger Global Management,Seed,1.26725,2023-03-17
Zepto,Media,Content,Mumbai,SoftBank Vision Fund,Angel,0.04625,2021-02-07
Byju's,RealEstate,Rental Tech,Mumbai,Omidyar Network,Pre-Seed,1.517,2022-06-03
WorkStack,EdTech,Test Prep,Kolkata,Zodius Capital,Seed,0.71225,2021-11-28
FinSpace,Retail,Fashion,Ahmedabad,"Info Edge, Nexus Venture Partners, Tiger Global Management",Series A,44.07625,2020-07-14
GreenMart,Enterprise,Automation,Mumbai,"Omidyar Network, Tiger Global",Series C,388.58325,2020-05-06
Paytm,E-commerce,Quick Commerce,Bengaluru,"Kalaari Capital, Ribbit Capital",Series A,41.48625,2021-08-26
Flipkart,EdTech,Test Prep,Kolkata,"IFC, Ribbit Capital",Pre-Series A,4.144,2024-06-16
BlueSpace,RealEstate,PropTech,Kolkata,Accel,Series A,87.49575,2023-04-18
UrbanStack,E-commerce,Grocery,Gurugram,"Falcon Edge, Mirae Asset, Y Combinator",Angel,0.08325,2020-09-15
Ola,HealthTech,Diagnostics,Delhi,SoftBank Vision Fund,Series C,190.59625,2020-05-03
DriveEdge,RealEstate,Home Services,Hyderabad,Nexus Venture Partners,Series A,13.40325,2023-01-13
FreshTech,Logistics,Supply Chain,Bengaluru,"Matrix Partners India, Nexus Venture Partners, Zodius Capital",Series A,105.8385,2023-09-08
Udaan,FoodTech,Food Delivery,Gurugram,Bessemer Venture Partners,Bridge,11.618,2023-08-04
DataHive,Consumer Electronics,Smart Home,Kolkata,"A91 Partners, SoftBank Vision Fund",Series A,46.6385,2021-11-09
Delhivery,FoodTech,Food Delivery,Delhi,Mirae Asset,Seed,4.2365,2024-11-29
Rapido,RealEstate,PropTech,Gurugram,Mirae Asset,Series A,56.00875,2021-03-12
FreshBox,FoodTech,Cloud Kitchen,Chennai,Sequoia Capital India,Seed,0.87875,2020-01-14
Licious,FinTech,NeoBank,Mumbai,Ribbit Capital,Seed,13.49575,2022-06-20
ShareChat,FinTech,Payments,Gurugram,LCatterton,Seed,2.1645,2020-12-22
NoBroker,SaaS,DevTools,Delhi,LCatterton,Seed,1.89625,2020-12-26
DataAnalytics,HealthTech,Health Analytics,Mumbai,Info Edge,Seed,3.13575,2021-03-06
Nykaa,Retail,Grocery,Delhi,IFC,Bridge,0.54575,2025-06-24
Byju's,E-commerce,Marketplace,Delhi,Y Combinator,Series C,290.228,2021-01-27
DriveLoop,EdTech,Test Prep,Ahmedabad,"Elevation Capital, Nexus Venture Partners",Series A,68.25575,2024-10-15
LogiMart_960,Retail,Grocery,Delhi,"LCatterton, Lightspeed India",Series D,559.6435,2025-06-06
HealthRise,Retail,Fashion,Ahmedabad,"Ribbit Capital, Ventures India",Seed,4.28275,2022-11-07
NimbusWorks,Consumer Electronics,Audio,Pune,"Mirae Asset, Peak XV",Series B,91.316,2022-12-12
FoodFit,Retail,Fashion,Bengaluru,Info Edge,Seed,1.9425,2025-01-06
FinSpace,Logistics,Supply Chain,Chennai,Matrix Partners India,Series A,20.21125,2025-03-30
WorkFit,E-commerce,D2C,Kolkata,"Falcon Edge, Tiger Global",Series A,24.235,2021-04-16
BlueSpace,Consumer Electronics,Wearables,Chennai,Elevation Capital,Pre-Series A,4.847,2022-10-15
GrowthFlow,EdTech,UpSkilling,Mumbai,Zodius Capital,Pre-Series A,1.8315,2020-06-17
HealthRise,EdTech,Test Prep,Mumbai,Lightspeed India,Seed,3.737,2020-03-19
FreshBox,Media,Streaming,Hyderabad,Tiger Global Management,Seed,2.67325,2023-05-22
Swiggy,FinTech,WealthTech,Hyderabad,"Peak XV, Zodius Capital",Series C,1116.11425,2024-05-22
UrbanStack,Mobility,Ride Sharing,Chennai,"Lightspeed India, Matrix Partners India, Omidyar Network",Seed,14.652,2024-01-21
InMobi,Media,Content,Pune,Info Edge,Series C,1345.061,2021-10-03
SkillRise,Consumer Electronics,Smart Home,Bengaluru,Elevation Capital,Pre-Series A,1.517,2023-03-28
MediSpace,RealEstate,Home Services,Pune,"Prosus Ventures, Ventures India",Seed,0.518,2022-05-21
Delhivery,SaaS,B2B SaaS,Ahmedabad,Nexus Venture Partners,Series C,376.37325,2025-03-03
FreshBox,Retail,Fashion,Ahmedabad,"Kalaari Capital, Lightspeed India",Series A,46.3425,2022-03-11
AeroHub,E-commerce,D2C,Ahmedabad,Accel,Bridge,0.555,2023-08-01
Zomato,RealEstate,Rental Tech,Delhi,"Blume Ventures, Mirae Asset",Pre-Seed,0.58275,2023-11-12
CRED,FoodTech,Food Delivery,Gurugram,Tiger Global,Seed,4.181,2023-09-12
MediSpace,Enterprise,Security,Chennai,Falcon Edge,Seed,1.591,2020-08-14
GrowthCare,FoodTech,Cloud Kitchen,Delhi,"Prosus Ventures, Zodius Capital",Growth,3537.3295,2021-09-26
NextSense,Logistics,Fleet Management,Gurugram,"Elevation Capital, Sequoia Capital India",Series A,12.34875,2023-11-03
SmartCare,Enterprise,Security,Ahmedabad,LCatterton,Series C,226.74525,2022-12-12
NeoLabs,AgriTech,Supply Chain,Mumbai,"Y Combinator, Zodius Capital",Seed,6.7895,2024-12-09
Delhivery,FoodTech,Grocery,Delhi,"Info Edge, Ventures India",Pre-Series A,2.89525,2021-01-02
BlueTech,E-commerce,Fashion,Bengaluru,Elevation Capital,Seed,5.8645,2024-11-17
Cars24,RealEstate,PropTech,Gurugram,"Nexus Venture Partners, Y Combinator",Angel,0.1665,2022-04-22
Zomato,Mobility,EV,Chennai,Falcon Edge,Series A,18.02825,2021-06-01
SmartMart_989,RealEstate,Rental Tech,Kolkata,"IFC, Kalaari Capital",Pre-Series A,6.09575,2024-03-07
MediSpace,Media,Social,Pune,"Accel, Info Edge",Series B,424.3345,2022-08-08
HomeMart,Consumer Electronics,Audio,Kolkata,Blume Ventures,Series C,1213.94225,2024-09-19
PhonePe,AgriTech,Supply Chain,Delhi,"Accel, Kalaari Capital, Ventures India",Seed,1.258,2022-12-30
SkillFlow,SaaS,DevTools,Gurugram,"Falcon Edge, Info Edge, Tiger Global",Series B,237.58625,2025-01-02
Zomato,FoodTech,Grocery,Hyderabad,Tiger Global,Series A,24.5865,2023-05-10
UrbanSolutions,EdTech,UpSkilling,Gurugram,Sequoia Capital India,Seed,0.6475,2020-02-02
CloudLabs,E-commerce,Marketplace,Mumbai,"Blume Ventures, Kalaari Capital",Series C,2218.2795,2024-08-27
AeroStack,SaaS,DevTools,Ahmedabad,"Nexus Venture Partners, Peak XV",Seed,0.76775,2023-01-14
Meesho,E-commerce,D2C,Pune,"Info Edge, Kalaari Capital, SoftBank Vision Fund",Seed,15.40125,2022-04-03
Byju's,RealEstate,Home Services,Ahmedabad,Kalaari Capital,Pre-Series A,2.58075,2020-05-17
Chargebee,E-commerce,Grocery,Ahmedabad,Omidyar Network,Seed,0.91575,2025-05-18
UrbanDrive,Retail,Fashion,Delhi,"IFC, Mirae Asset, SoftBank Vision Fund",Seed,3.41325,2023-07-25
WorkStack_1002,AgriTech,Smart Farming,Chennai,Falcon Edge,Series A,98.35525,2024-02-28
UrbanStack,AgriTech,Supply Chain,Hyderabad,Ribbit Capital,Seed,6.89125,2022-05-27
HealthWorks,Consumer Electronics,Wearables,Gurugram,"Omidyar Network, Peak XV, Sequoia Capital India",Seed,9.065,2021-02-22
Ola,Media,Content,Delhi,Falcon Edge,Seed,5.254,2023-08-11
SkillRise,Logistics,Last Mile,Gurugram,Matrix Partners India,Series D,2277.128,2021-11-09
Udaan,RealEstate,PropTech,Gurugram,"Info Edge, SoftBank Vision Fund",Series A,92.23175,2022-02-20
MediHive_1008,Consumer Electronics,Audio,Gurugram,Nexus Venture Partners,Seed,1.1655,2020-10-16
NoBroker,AgriTech,Marketplace,Gurugram,"Kedaara Capital, SoftBank Vision Fund",Seed,2.812,2020-06-09
BlueRise,HealthTech,Diagnostics,Hyderabad,"IFC, Lightspeed India, Mirae Asset",Seed,1.04525,2022-07-07
ShareChat,FoodTech,Food Delivery,Delhi,"Info Edge, Omidyar Network",Series A,134.18975,2022-05-15
HyperLoop,Retail,Grocery,Bengaluru,Ventures India,Series C,2384.909,2022-05-25
Delhivery,AgriTech,Marketplace,Delhi,Y Combinator,Series A,10.29525,2020-12-25
BigBasket,Consumer Electronics,Wearables,Chennai,SoftBank Vision Fund,Series A,62.5115,2022-09-11
CoreSpace,EdTech,Test Prep,Bengaluru,"Kalaari Capital, Y Combinator",Growth,5315.753,2024-02-04
AutoMart,SaaS,MarTech,Kolkata,Kalaari Capital,Seed,0.89725,2023-04-19
GrowthConnect,E-commerce,Fashion,Ahmedabad,"Bessemer Venture Partners, Peak XV",Seed,3.7555,2024-04-11
NextFlow,Consumer Electronics,Smart Home,Pune,"Peak XV, Ventures India",Series B,585.42325,2023-08-26
HomeMart,Enterprise,Security,Bengaluru,Matrix Partners India,Series B,50.81025,2023-08-14
AutoFlow,HealthTech,Pharmacy,Gurugram,"Bessemer Venture Partners, Sequoia Capital India, Zodius Capital",Series A,61.1425,2025-05-03
AeroHub,AgriTech,Supply Chain,Noida,"Blume Ventures, Info Edge",Angel,0.111,2024-11-29
Oyo,Mobility,Micro Mobility,Chennai,"Peak XV, Ventures India",Series A,113.06275,2024-02-12
Unacademy,E-commerce,Grocery,Pune,"Kedaara Capital, Lightspeed India, Ventures India",Series C,2565.81125,2021-07-04
MediHive,Enterprise,Security,Bengaluru,"Elevation Capital, Kalaari Capital",Seed,15.059,2024-05-03
Paytm,HealthTech,Diagnostics,Pune,Mirae Asset,Seed,2.664,2020-10-02
AeroAnalytics,Consumer Electronics,Smart Home,Gurugram,"Blume Ventures, Matrix Partners India, Ventures India",Seed,11.1185,2020-04-30
Freshworks,Consumer Electronics,Smart Home,Ahmedabad,Accel,Seed,10.42475,2023-07-27
WorkFit,Logistics,Last Mile,Pune,"Mirae Asset, Ventures India",Pre-Seed,0.3885,2021-04-25
MediSpace_1029,Retail,E-Retail,Ahmedabad,Lightspeed India,Series C,1746.03,2020-03-26
MediHive,Mobility,EV,Kolkata,"Info Edge, Y Combinator",Series A,10.22125,2021-11-21
DataHive,Enterprise,Analytics,Pune,"Tiger Global, Y Combinator",Series B,241.60075,2022-02-14
FreshBox,FinTech,InsurTech,Chennai,Sequoia Capital India,Series B,87.51425,2024-12-23
NeoTech,Logistics,Fleet Management,Gurugram,"Kalaari Capital, Mirae Asset, Prosus Ventures",Pre-Series A,1.221,2023-06-20
FinFoods_1034,RealEstate,Home Services,Bengaluru,Tiger Global Management,Series B,57.24825,2024-11-23
NeoSense,EdTech,Coding Bootcamp,Chennai,Y Combinator,Series B,318.8105,2024-06-14
FarmBox,Enterprise,Automation,Mumbai,"Lightspeed India, Nexus Venture Partners",Series B,118.6775,2021-08-24
ClearDekho,FinTech,Lending,Kolkata,"Mirae Asset, Tiger Global Management",Series C,1316.93175,2021-09-09
EduMart,Consumer Electronics,Smart Home,Noida,Ventures India,Seed,0.592,2021-03-09
Unacademy,E-commerce,Fashion,Bengaluru,LCatterton,Seed,1.48,2025-03-17
QuantumSolutions,Logistics,Fleet Management,Kolkata,Prosus Ventures,Bridge,3.3855,2023-10-05
NeoLabs,Media,Content,Gurugram,"SoftBank Vision Fund, Tiger Global",Angel,0.49025,2024-04-18
QuantumAnalytics,Retail,Fashion,Chennai,Nexus Venture Partners,Series C,438.58875,2021-04-02
Unacademy,E-commerce,Quick Commerce,Pune,Ventures India,Series B,262.2745,2025-04-03
Porter,AgriTech,Smart Farming,Delhi,"A91 Partners, Sequoia Capital India",Series D,3557.0505,2025-05-07
HealthWorks,EdTech,Coding Bootcamp,Chennai,"Nexus Venture Partners, Peak XV, Prosus Ventures",Seed,4.48625,2022-01-17
HomeAnalytics,FinTech,NeoBank,Kolkata,Zodius Capital,Seed,1.0915,2024-07-29
Chargebee,RealEstate,Home Services,Delhi,"Bessemer Venture Partners, Kedaara Capital, Prosus Ventures",Series A,9.879,2020-10-25
FoodLoop,Media,Social,Hyderabad,"Mirae Asset, Zodius Capital",Debt,206.30275,2023-12-17
NimbusLabs,FoodTech,Cloud Kitchen,Pune,IFC,Seed,0.4995,2024-01-07
Zepto,Media,Streaming,Bengaluru,IFC,Angel,0.63825,2024-05-08
DriveFit,Enterprise,Automation,Delhi,"Prosus Ventures, SoftBank Vision Fund",Debt,24.76225,2023-01-27
NextFlow,FoodTech,Cloud Kitchen,Noida,"A91 Partners, Kedaara Capital, LCatterton",Series B,624.97625,2021-08-01
Wakefit,HealthTech,Pharmacy,Ahmedabad,"Elevation Capital, Omidyar Network, Prosus Ventures",Growth,3807.3185,2020-04-20
Ola,Media,Content,Hyderabad,Bessemer Venture Partners,Angel,0.91575,2021-03-05
BlueRise,FinTech,WealthTech,Ahmedabad,Y Combinator,Seed,1.6835,2024-05-27
DriveLoop,HealthTech,Telemedicine,Mumbai,Peak XV,Pre-Series A,5.41125,2022-08-28
Housejoy,Mobility,Micro Mobility,Pune,Ribbit Capital,Series A,27.4725,2025-06-09
CoreConnect,E-commerce,Marketplace,Chennai,"Peak XV, Ribbit Capital",Series A,33.929,2023-11-09
UrbanSolutions,Retail,Fashion,Mumbai,"Info Edge, Ribbit Capital, Y Combinator",Series C,1011.987,2024-11-06
MediSpace,E-commerce,Quick Commerce,Kolkata,"Lightspeed India, Omidyar Network",Series B,521.33925,2025-02-03
GrowthCare,Media,Social,Ahmedabad,"Elevation Capital, Kedaara Capital, Nexus Venture Partners",Seed,17.4455,2022-09-18
NeoSense_1062,Enterprise,Automation,Delhi,Kalaari Capital,Pre-Series A,5.42975,2023-12-06
NeoLabs_1063,Enterprise,Automation,Noida,"Nexus Venture Partners, Tiger Global Management, Ventures India",Series B,147.28775,2024-06-06
Housejoy,HealthTech,Diagnostics,Bengaluru,Nexus Venture Partners,Series A,28.9525,2024-06-27
FreshSolutions,RealEstate,PropTech,Mumbai,Accel,Series A,68.1725,2024-10-09
NeoTech,SaaS,DevTools,Chennai,Matrix Partners India,Bridge,1.11925,2023-09-09
FarmFit,Mobility,EV,Noida,"Falcon Edge, Kedaara Capital",Series A,12.47825,2023-03-27
AgriFit,Mobility,Ride Sharing,Mumbai,Sequoia Capital India,Series B,123.62625,2020-04-01
SmartCare,Enterprise,Analytics,Delhi,"Nexus Venture Partners, Y Combinator",Series A,20.13725,2021-03-18
Innovaccer,E-commerce,Grocery,Hyderabad,Kalaari Capital,Seed,1.37825,2023-08-23
WorkFit,RealEstate,Home Services,Delhi,"Kedaara Capital, Tiger Global Management, Ventures India",Series A,17.41775,2020-05-24
CloudLabs,AgriTech,Marketplace,Noida,SoftBank Vision Fund,Series A,10.36925,2022-05-09
DriveEdge,AgriTech,Supply Chain,Mumbai,Prosus Ventures,Seed,0.49025,2022-12-24
Freshworks,E-commerce,D2C,Mumbai,Nexus Venture Partners,Pre-Series A,8.991,2021-11-14
Zepto,Logistics,Last Mile,Mumbai,Y Combinator,Pre-Series A,2.479,2025-06-07
Zomato,Retail,E-Retail,Delhi,Omidyar Network,Series A,26.18675,2024-11-28
NeoLabs,SaaS,HRTech,Noida,Blume Ventures,Seed,5.67025,2020-07-21
UrbanDrive,Retail,Fashion,Noida,"Mirae Asset, Nexus Venture Partners",Series A,16.7055,2024-12-11
MediSpace,Media,Social,Delhi,"LCatterton, Matrix Partners India, Ribbit Capital",Seed,15.38275,2023-03-08
Nykaa,Media,Social,Ahmedabad,Info Edge,Pre-Series A,5.65175,2022-07-26
AgriFit,Mobility,EV,Hyderabad,"Elevation Capital, IFC, Zodius Capital",Bridge,0.6475,2022-12-02
Unacademy,Logistics,Supply Chain,Pune,Tiger Global,Series D,1209.74275,2023-07-23
MediWorks,HealthTech,Telemedicine,Mumbai,"Sequoia Capital India, Zodius Capital",Series B,529.2665,2023-02-08
Innovaccer,RealEstate,Rental Tech,Delhi,"Kedaara Capital, LCatterton, Tiger Global Management",Series A,119.46375,2022-11-20
CoreConnect_1085,EdTech,Test Prep,Chennai,Matrix Partners India,Series B,169.016,2024-03-15
Razorpay,AgriTech,Smart Farming,Delhi,"Blume Ventures, LCatterton",Series B,253.3575,2024-12-11
Mobikwik,Enterprise,Analytics,Noida,"Blume Ventures, Mirae Asset",Pre-Series A,1.35975,2020-04-14
FreshToHome,SaaS,DevTools,Noida,Elevation Capital,Series D,4531.89875,2024-10-22
AgriHive,EdTech,Test Prep,Ahmedabad,Peak XV,Pre-Series A,1.5725,2025-03-05
GrowthConnect,AgriTech,Smart Farming,Bengaluru,"SoftBank Vision Fund, Y Combinator",Pre-Series A,8.103,2023-06-14
MediHive,Media,Social,Chennai,"Accel, Mirae Asset",Pre-Series A,4.1255,2020-07-26
HyperLoop,Consumer Electronics,Audio,Delhi,Mirae Asset,Series C,959.23425,2021-05-27
NimbusWorks,FoodTech,Cloud Kitchen,Noida,"Info Edge, Prosus Ventures",Series C,741.554,2020-08-10
FinSense,FoodTech,Cloud Kitchen,Pune,Accel,Private Equity,1573.2955,2023-12-23
HealthAnalytics_1095,FoodTech,Food Delivery,Pune,"Lightspeed India, Mirae Asset, Prosus Ventures",Angel,0.074,2020-11-24
NextStack,Consumer Electronics,Smart Home,Kolkata,SoftBank Vision Fund,Series C,336.108,2024-01-02
FoodFit,Media,Content,Delhi,Nexus Venture Partners,Seed,0.91575,2020-08-08
FoodSolutions,Retail,Fashion,Gurugram,Info Edge,Seed,8.20475,2024-08-26
MediSpace,Logistics,Supply Chain,Kolkata,Ribbit Capital,Seed,1.6835,2022-05-28
